Period,relHum,srad,year,doy,tmx,tmn
2023-09-08,92,99.84,2023,251,29.0722222222222,19.4222222222222
2023-09-09,85,248.82,2023,252,32.7388888888889,18.0777777777778
2023-09-10,82,247.81,2023,253,34.5888888888889,20.65
2023-09-11,85,234.44,2023,254,33.9777777777778,20.0722222222222
2023-09-12,89,261.41,2023,255,34.1,20.9777777777778
2023-09-13,90,223.29,2023,256,33.6277777777778,22.2
2023-09-14,88,211.89,2023,257,33.2111111111111,21.7722222222222
2023-09-15,87,238.59,2023,258,32.2222222222222,22.8222222222222
2023-09-16,82,224.36,2023,259,31.3277777777778,21.4888888888889
2023-09-17,82,228.91,2023,260,33.9722222222222,21.5611111111111
2023-09-18,80,253.84,2023,261,31.7611111111111,18.9222222222222
2023-09-19,79,243.99,2023,262,30.8277777777778,16.35
2023-09-20,82,233.05,2023,263,32.55,18.6111111111111
2023-09-21,83,221.67,2023,264,31.6722222222222,20.4111111111111
2023-09-22,80,249.66,2023,265,29.6277777777778,16.4777777777778
2023-09-23,76,274.31,2023,266,30.8,13.9777777777778
2023-09-24,76,239.01,2023,267,32.4722222222222,13.5388888888889
2023-09-25,86,170.46,2023,268,31.7388888888889,16.6777777777778
2023-09-26,89,178.78,2023,269,33.5722222222222,20.3777777777778
2023-09-27,94,114.29,2023,270,30.8388888888889,22.0388888888889
2023-09-28,97,60.38,2023,271,24.2388888888889,21.55
2023-09-29,92,99.51,2023,272,28.8222222222222,21.7277777777778
2023-09-30,93,68.19,2023,273,27.3388888888889,22.6777777777778
2023-10-01,89,91.67,2023,274,28.5777777777778,22.3222222222222
2023-10-02,83,192.74,2023,275,29.6777777777778,21.8
2023-10-03,82,210.73,2023,276,30.45,18.75
2023-10-04,85,232.43,2023,277,30.7277777777778,19.5277777777778
2023-10-05,86,211.07,2023,278,31.3611111111111,18.2722222222222
2023-10-06,88,168.14,2023,279,31.1777777777778,19.9888888888889
2023-10-07,79,187.22,2023,280,30.9722222222222,19.55
2023-10-08,70,167.31,2023,281,24.9777777777778,13.3388888888889
2023-10-09,73,171.85,2023,282,25.7111111111111,11.7722222222222
2023-10-10,80,235.51,2023,283,29.0111111111111,10.25
2023-10-11,87,59.36,2023,284,27.9611111111111,17.2611111111111
2023-10-12,95,61.13,2023,285,30.7888888888889,22.4888888888889
2023-10-13,90,178.62,2023,286,31.3111111111111,21.8888888888889
2023-10-14,86,132.74,2023,287,27.5111111111111,20.6
2023-10-15,78,237.11,2023,288,25.0222222222222,16.7222222222222
2023-10-16,75,191.5,2023,289,20.3777777777778,12.1111111111111
2023-10-17,77,226.24,2023,290,22.2277777777778,8.57777777777778
2023-10-18,83,231.13,2023,291,23.9777777777778,8.91111111111111
2023-10-19,84,218.77,2023,292,28.0,10.8222222222222
2023-10-20,80,219.64,2023,293,27.3388888888889,12.0722222222222
2023-10-21,75,230.57,2023,294,27.7722222222222,12.45
2023-10-22,80,178.82,2023,295,29.6277777777778,10.4888888888889
2023-10-23,79,195.47,2023,296,28.6222222222222,12.6611111111111
2023-10-24,79,203.42,2023,297,27.4111111111111,13.9
2023-10-25,77,188.21,2023,298,28.1888888888889,15.8777777777778
2023-10-26,76,157.21,2023,299,27.7777777777778,16.3277777777778
2023-10-27,83,182.64,2023,300,29.2,14.8277777777778
2023-10-28,86,192.31,2023,301,29.0277777777778,14.5777777777778
2023-10-29,86,211.54,2023,302,28.9,14.4
2023-10-30,87,210.27,2023,303,29.5111111111111,13.8111111111111
2023-10-31,87,191.15,2023,304,29.2388888888889,15.95
2023-11-01,73,155.29,2023,305,20.7722222222222,9.82222222222222
2023-11-02,76,159.36,2023,306,23.8388888888889,8.27777777777778
2023-11-03,93,104.95,2023,307,22.3,13.5
2023-11-04,74,179.94,2023,308,24.9111111111111,12.1722222222222
2023-11-05,64,208.2,2023,309,25.9111111111111,9.6
2023-11-06,79,209.15,2023,310,26.8222222222222,6.95555555555556
2023-11-07,75,201.09,2023,311,28.4611111111111,9.47777777777778
2023-11-08,77,200.45,2023,312,28.7777777777778,7.70555555555555
2023-11-09,84,163.25,2023,313,29.6277777777778,10.9777777777778
2023-11-10,88,123.5,2023,314,30.5777777777778,13.5888888888889
2023-11-11,88,133.35,2023,315,29.4611111111111,16.7222222222222
2023-11-12,97,31.09,2023,316,20.45,17.1611111111111
2023-11-13,92,52.56,2023,317,22.4388888888889,17.0777777777778
2023-11-14,92,58.35,2023,318,24.2277777777778,17.6388888888889
2023-11-15,84,35.5,2023,319,22.8277777777778,19.6
2023-11-16,90,57.96,2023,320,24.3222222222222,18.8388888888889
2023-11-17,96,70.53,2023,321,23.9777777777778,18.8888888888889
2023-11-18,89,127.12,2023,322,25.75,15.2777777777778
2023-11-19,88,182.78,2023,323,26.1388888888889,13.5388888888889
2023-11-20,89,178.12,2023,324,26.7722222222222,14.0222222222222
2023-11-21,84,87.11,2023,325,27.3222222222222,18.3277777777778
2023-11-22,84,57.13,2023,326,24.95,11.9888888888889
2023-11-23,81,141.99,2023,327,18.4611111111111,8.63888888888889
2023-11-24,95,34.49,2023,328,15.6222222222222,9.83888888888889
2023-11-25,88,116.57,2023,329,21.1,9.92777777777778
2023-11-26,96,20.77,2023,330,20.7111111111111,15.7777777777778
2023-11-27,85,147.29,2023,331,19.0777777777778,10.35
2023-11-28,76,96.27,2023,332,14.8388888888889,3.23333333333333
2023-11-29,77,178.15,2023,333,17.65,1.60555555555556
2023-11-30,81,125.47,2023,334,21.75,3.82777777777778
2023-12-01,90,126.08,2023,335,27.5388888888889,10.8111111111111
2023-12-02,95,56.48,2023,336,27.0611111111111,18.4777777777778
2023-12-03,96,54.2,2023,337,27.3388888888889,19.0388888888889
2023-12-04,91,59.55,2023,338,23.0,13.5611111111111
2023-12-05,74,150.3,2023,339,21.2111111111111,10.7388888888889
2023-12-06,72,174.16,2023,340,17.3888888888889,5.38333333333333
2023-12-07,81,167.68,2023,341,20.1611111111111,3.88888888888889
2023-12-08,85,112.23,2023,342,23.9777777777778,7.42777777777778
2023-12-09,86,152.91,2023,343,28.0277777777778,12.6277777777778
2023-12-10,88,111.44,2023,344,27.5888888888889,15.1277777777778
2023-12-11,81,173.08,2023,345,16.0722222222222,5.61666666666667
2023-12-12,85,137.91,2023,346,19.35,5.63888888888889
2023-12-13,89,47.86,2023,347,19.6222222222222,14.2111111111111
2023-12-14,82,47.09,2023,348,20.9611111111111,16.25
2023-12-15,74,103.44,2023,349,20.9,15.0722222222222
2023-12-16,89,25.68,2023,350,20.5111111111111,16.1111111111111
2023-12-17,90,57.34,2023,351,21.8222222222222,14.8611111111111
2023-12-18,74,171.06,2023,352,19.1111111111111,10.7888888888889
2023-12-19,73,171.7,2023,353,12.7722222222222,4.52222222222222
2023-12-20,85,110.88,2023,354,16.5611111111111,4.73888888888889
2023-12-21,81,162.0,2023,355,20.05,6.18333333333333
2023-12-22,90,75.49,2023,356,20.8388888888889,12.1
2023-12-23,83,158.0,2023,357,22.85,10.7
2023-12-24,86,106.53,2023,358,23.6277777777778,11.25
2023-12-25,94,37.67,2023,359,21.0222222222222,17.3777777777778
2023-12-26,96,72.07,2023,360,23.8,16.0222222222222
2023-12-27,86,57.62,2023,361,19.0222222222222,14.0222222222222
2023-12-28,90,36.33,2023,362,17.15,9.42222222222222
2023-12-29,77,140.69,2023,363,13.9722222222222,2.98333333333333
2023-12-30,78,164.58,2023,364,15.9277777777778,2.11666666666667
2023-12-31,83,173.16,2023,365,17.8611111111111,1.68888888888889
2024-01-01,83,160.95,2024,1,21.5111111111111,2.52222222222222
2024-01-02,77,173.99,2024,2,15.3277777777778,4.31666666666667
2024-01-03,89,105.8,2024,3,19.7277777777778,3.9
2024-01-04,82,173.13,2024,4,17.4388888888889,4.52222222222222
2024-01-05,78,167.07,2024,5,21.7111111111111,4.19444444444444
2024-01-06,87,102.81,2024,6,24.8777777777778,14.2222222222222
2024-01-07,81,149.86,2024,7,18.0,8.65
2024-01-08,87,26.7,2024,8,18.8722222222222,7.76111111111111
2024-01-09,86,26.01,2024,9,24.2388888888889,13.0722222222222
2024-01-10,74,177.71,2024,10,15.9722222222222,6.64444444444444
2024-01-11,87,122.22,2024,11,17.8222222222222,4.35555555555556
2024-01-12,94,41.94,2024,12,23.2277777777778,10.2222222222222
2024-01-13,70,95.83,2024,13,22.4111111111111,7.63333333333334
2024-01-14,78,74.76,2024,14,14.6277777777778,7.16111111111111
2024-01-15,92,93.97,2024,15,23.1,5.70555555555556
2024-01-16,96,35.35,2024,16,22.2722222222222,10.8
2024-01-17,73,177.21,2024,17,11.75,1.87222222222222
2024-01-18,90,58.16,2024,18,17.9611111111111,3.82777777777778
2024-01-19,85,117.26,2024,19,21.0722222222222,8.86111111111111
2024-01-20,59,190.0,2024,20,12.0388888888889,2.53888888888889
2024-01-21,73,171.01,2024,21,9.98888888888889,-0.0222222222222217
2024-01-22,86,110.13,2024,22,19.55,6.07222222222222
2024-01-23,87,116.42,2024,23,22.65,14.1388888888889
2024-01-24,90,112.0,2024,24,25.4277777777778,15.9111111111111
2024-01-25,87,154.8,2024,25,28.4277777777778,14.9111111111111
2024-01-26,87,147.78,2024,26,28.7277777777778,18.1611111111111
2024-01-27,85,129.52,2024,27,28.1722222222222,16.3388888888889
2024-01-28,74,175.86,2024,28,22.7,11.4222222222222
2024-01-29,72,198.26,2024,29,17.5111111111111,5.74444444444445
2024-01-30,75,202.06,2024,30,19.65,3.76111111111111
2024-01-31,67,203.78,2024,31,20.4388888888889,5.07777777777778
2024-02-01,83,196.31,2024,32,20.2722222222222,3.28333333333333
2024-02-02,76,201.57,2024,33,21.6222222222222,6.88888888888889
2024-02-03,82,197.89,2024,34,22.5111111111111,3.59444444444444
2024-02-04,87,59.99,2024,35,21.7722222222222,10.5
2024-02-05,91,106.98,2024,36,18.65,7.95555555555555
2024-02-06,69,212.73,2024,37,18.4388888888889,8.53888888888889
2024-02-07,80,213.37,2024,38,16.0722222222222,5.47222222222222
2024-02-08,85,185.77,2024,39,20.85,5.38333333333333
2024-02-09,86,146.82,2024,40,24.8777777777778,8.43888888888889
2024-02-10,82,131.21,2024,41,24.7277777777778,9.73888888888889
2024-02-11,81,157.98,2024,42,28.1388888888889,15.1277777777778
2024-02-12,85,107.83,2024,43,26.3722222222222,13.9277777777778
2024-02-13,75,174.59,2024,44,19.5,8.21111111111111
2024-02-14,77,224.49,2024,45,19.1777777777778,3.97222222222222
2024-02-15,86,98.03,2024,46,22.1722222222222,7.41666666666667
2024-02-16,83,128.43,2024,47,23.6888888888889,8.97777777777778
2024-02-17,91,31.21,2024,48,17.2111111111111,13.2722222222222
2024-02-18,97,20.49,2024,49,14.4277777777778,10.3611111111111
2024-02-19,82,206.57,2024,50,17.55,5.56111111111111
2024-02-20,78,238.33,2024,51,19.2388888888889,3.48888888888889
2024-02-21,75,240.55,2024,52,18.2722222222222,5.05
2024-02-22,70,245.48,2024,53,22.9777777777778,2.70555555555555
2024-02-23,83,120.97,2024,54,22.95,6.76111111111111
2024-02-24,61,244.67,2024,55,21.7888888888889,9.65
2024-02-25,71,246.45,2024,56,21.9611111111111,5.11111111111111
2024-02-26,71,245.69,2024,57,24.1,4.03888888888889
2024-02-27,73,235.22,2024,58,25.4722222222222,6.87222222222222
2024-02-28,76,228.65,2024,59,28.0722222222222,11.3888888888889
2024-02-29,82,97.73,2024,60,18.7777777777778,14.8777777777778
2024-03-01,87,108.52,2024,61,25.8888888888889,15.5388888888889
2024-03-02,90,105.27,2024,62,25.5611111111111,16.7277777777778
2024-03-03,91,121.57,2024,63,24.6722222222222,16.7611111111111
2024-03-04,94,171.61,2024,64,24.8277777777778,14.4
2024-03-05,91,114.62,2024,65,25.0111111111111,16.2888888888889
2024-03-06,83,191.19,2024,66,26.3777777777778,18.2722222222222
2024-03-07,87,217.31,2024,67,26.3,13.7888888888889
2024-03-08,89,177.04,2024,68,26.5722222222222,15.1722222222222
2024-03-09,84,166.86,2024,69,29.6777777777778,21.2277777777778
2024-03-10,74,210.81,2024,70,23.0277777777778,13.4111111111111
2024-03-11,68,259.89,2024,71,19.0722222222222,5.9
2024-03-12,77,269.47,2024,72,26.2277777777778,5.46666666666667
2024-03-13,81,215.55,2024,73,26.7388888888889,11.1111111111111
2024-03-14,77,259.08,2024,74,28.3777777777778,8.46111111111111
2024-03-15,77,260.72,2024,75,30.8888888888889,11.8611111111111
2024-03-16,78,236.11,2024,76,29.4777777777778,16.8611111111111
2024-03-17,86,222.2,2024,77,29.1277777777778,18.4611111111111
2024-03-18,89,112.89,2024,78,23.7777777777778,18.2111111111111
2024-03-19,56,293.44,2024,79,17.7777777777778,4.5
2024-03-20,68,287.98,2024,80,23.35,1.8
2024-03-21,76,264.87,2024,81,26.2611111111111,3.95
2024-03-22,90,74.83,2024,82,22.7722222222222,16.7277777777778
2024-03-23,89,205.36,2024,83,25.9888888888889,15.1222222222222
2024-03-24,87,178.27,2024,84,19.5777777777778,13.2611111111111
2024-03-25,77,196.92,2024,85,24.4222222222222,13.35
2024-03-26,74,229.78,2024,86,27.9722222222222,16.85
2024-03-27,88,62.7,2024,87,24.2888888888889,18.8722222222222
2024-03-28,86,197.04,2024,88,24.4388888888889,13.0111111111111
2024-03-29,77,297.19,2024,89,22.5611111111111,8.37222222222222
2024-03-30,71,293.23,2024,90,26.45,6.71111111111111
2024-03-31,77,294.44,2024,91,27.1388888888889,9.0
2024-04-01,79,229.89,2024,92,28.9,12.0388888888889
2024-04-02,80,209.62,2024,93,29.1888888888889,15.2722222222222
2024-04-03,91,40.51,2024,94,24.7388888888889,16.9222222222222
2024-04-04,58,305.12,2024,95,22.4388888888889,12.4111111111111
2024-04-05,62,313.26,2024,96,23.6722222222222,8.52222222222222
2024-04-06,78,309.1,2024,97,20.45,8.58888888888889
2024-04-07,79,311.72,2024,98,22.2611111111111,5.79444444444444
2024-04-08,79,258.11,2024,99,24.6777777777778,8.68888888888889
2024-04-09,81,221.09,2024,100,26.6,11.4
2024-04-10,80,235.57,2024,101,27.5277777777778,14.25
2024-04-11,79,116.95,2024,102,26.75,19.3222222222222
2024-04-12,61,322.88,2024,103,26.4111111111111,13.0777777777778
2024-04-13,63,331.54,2024,104,25.9388888888889,6.73333333333333
2024-04-14,64,320.57,2024,105,29.35,7.73888888888889
2024-04-15,65,307.0,2024,106,29.4222222222222,13.0
2024-04-16,77,290.54,2024,107,29.1222222222222,10.8
2024-04-17,80,303.92,2024,108,30.0,11.7277777777778
2024-04-18,80,255.37,2024,109,30.9611111111111,17.1
2024-04-19,77,305.06,2024,110,32.6388888888889,15.8111111111111
2024-04-20,71,296.13,2024,111,32.7,16.9111111111111
2024-04-21,78,227.33,2024,112,31.4388888888889,16.95
2024-04-22,79,244.11,2024,113,22.1777777777778,10.6777777777778
2024-04-23,76,335.51,2024,114,23.5277777777778,7.3
2024-04-24,70,323.12,2024,115,27.15,8.17777777777778
2024-04-25,71,255.93,2024,116,29.4,10.3388888888889
2024-04-26,77,301.73,2024,117,28.4611111111111,13.3222222222222
2024-04-27,82,205.69,2024,118,26.7111111111111,16.6111111111111
2024-04-28,69,275.19,2024,119,26.3777777777778,15.5777777777778
2024-04-29,76,321.45,2024,120,28.45,12.8
2024-04-30,82,229.46,2024,121,29.05,15.8388888888889
2024-05-01,79,257.45,2024,122,30.85,16.1722222222222
2024-05-02,80,317.55,2024,123,31.1611111111111,17.5111111111111
2024-05-03,83,281.34,2024,124,30.6611111111111,16.0111111111111
2024-05-04,81,256.38,2024,125,29.5777777777778,15.7222222222222
2024-05-05,80,277.86,2024,126,31.3222222222222,17.3
2024-05-06,80,233.42,2024,127,30.6111111111111,18.2277777777778
2024-05-07,76,257.58,2024,128,33.2111111111111,17.8277777777778
2024-05-08,75,273.32,2024,129,34.5888888888889,19.3277777777778
2024-05-09,73,298.61,2024,130,35.7277777777778,20.6111111111111
2024-05-10,78,180.31,2024,131,30.5222222222222,20.2722222222222
2024-05-11,78,328.49,2024,132,30.6222222222222,18.1722222222222
2024-05-12,75,207.73,2024,133,27.7777777777778,15.25
2024-05-13,82,139.43,2024,134,27.9222222222222,17.5722222222222
2024-05-14,86,175.01,2024,135,30.7722222222222,21.1722222222222
2024-05-15,86,185.92,2024,136,29.2888888888889,21.9611111111111
2024-05-16,77,326.93,2024,137,32.8777777777778,19.6777777777778
2024-05-17,87,181.08,2024,138,31.3277777777778,18.25
2024-05-18,84,206.77,2024,139,33.6222222222222,19.4111111111111
2024-05-19,74,301.49,2024,140,33.1111111111111,20.5611111111111
2024-05-20,84,253.09,2024,141,28.6388888888889,18.9611111111111
2024-05-21,83,299.61,2024,142,29.9611111111111,15.9111111111111
2024-05-22,79,298.09,2024,143,30.9,17.9388888888889
2024-05-23,77,294.7,2024,144,32.7111111111111,16.6111111111111
2024-05-24,75,273.82,2024,145,33.9611111111111,19.0388888888889
2024-05-25,77,277.89,2024,146,34.2888888888889,19.4888888888889
2024-05-26,81,266.95,2024,147,34.0777777777778,20.0111111111111
2024-05-27,76,321.51,2024,148,35.2722222222222,19.8222222222222
2024-05-28,78,279.39,2024,149,34.4,21.2388888888889
2024-05-29,70,339.56,2024,150,34.4722222222222,19.25
2024-05-30,70,329.81,2024,151,33.2111111111111,16.55
2024-05-31,70,335.18,2024,152,31.6222222222222,17.6111111111111
2024-06-01,71,284.71,2024,153,30.5,15.5388888888889
2024-06-02,75,268.24,2024,154,31.5111111111111,15.7222222222222
2024-06-03,76,288.75,2024,155,32.0222222222222,17.3611111111111
2024-06-04,76,337.54,2024,156,32.6277777777778,17.45
2024-06-05,79,298.63,2024,157,34.0777777777778,18.7111111111111
2024-06-06,83,257.53,2024,158,36.5,21.1888888888889
2024-06-07,79,262.82,2024,159,35.0722222222222,20.8777777777778
2024-06-08,78,259.25,2024,160,35.45,22.5611111111111
2024-06-09,70,327.43,2024,161,36.55,22.8611111111111
2024-06-10,75,303.35,2024,162,35.3888888888889,19.4388888888889
2024-06-11,78,237.61,2024,163,34.6111111111111,22.0888888888889
2024-06-12,83,255.25,2024,164,32.8888888888889,22.8888888888889
2024-06-13,82,311.22,2024,165,33.7,23.1277777777778
2024-06-14,81,296.72,2024,166,33.2722222222222,22.4
2024-06-15,82,295.01,2024,167,33.9722222222222,20.7388888888889
2024-06-16,81,292.42,2024,168,33.6611111111111,21.1222222222222
2024-06-17,79,280.08,2024,169,32.9388888888889,20.0
2024-06-18,83,184.38,2024,170,30.8388888888889,19.8777777777778
2024-06-19,73,275.0,2024,171,31.5277777777778,22.9222222222222
2024-06-20,80,250.74,2024,172,30.5277777777778,23.3
2024-06-21,87,232.63,2024,173,32.9888888888889,23.25
2024-06-22,89,174.17,2024,174,33.9111111111111,24.3388888888889
2024-06-23,84,278.53,2024,175,34.3222222222222,24.2
2024-06-24,79,250.79,2024,176,35.3277777777778,22.35
2024-06-25,86,224.53,2024,177,35.0111111111111,22.9111111111111
2024-06-26,88,218.43,2024,178,34.45,22.3222222222222
2024-06-27,83,249.29,2024,179,33.7222222222222,22.7611111111111
2024-06-28,91,156.64,2024,180,33.4277777777778,22.4722222222222
2024-06-29,91,147.49,2024,181,32.6611111111111,22.6888888888889
2024-06-30,83,302.48,2024,182,35.4277777777778,22.7
2024-07-01,83,283.6,2024,183,35.1722222222222,22.85
2024-07-02,82,230.21,2024,184,35.9222222222222,23.25
2024-07-03,83,276.31,2024,185,35.0222222222222,23.4222222222222
2024-07-04,85,220.17,2024,186,35.5222222222222,23.3111111111111
2024-07-05,80,278.14,2024,187,34.7,23.2777777777778
2024-07-06,78,303.52,2024,188,35.1888888888889,22.2611111111111
2024-07-07,83,233.88,2024,189,35.5722222222222,23.4111111111111
2024-07-08,87,210.61,2024,190,36.7277777777778,23.6388888888889
2024-07-09,92,214.22,2024,191,35.0722222222222,22.45
2024-07-10,91,156.18,2024,192,33.4888888888889,20.7888888888889
2024-07-11,81,249.99,2024,193,33.4888888888889,22.4111111111111
2024-07-12,74,292.93,2024,194,36.8611111111111,21.6111111111111
2024-07-13,82,187.12,2024,195,34.9222222222222,21.9277777777778
2024-07-14,86,195.29,2024,196,35.4222222222222,22.65
2024-07-15,84,238.66,2024,197,36.4777777777778,21.6111111111111
2024-07-16,90,170.95,2024,198,35.3722222222222,21.85
2024-07-17,88,250.51,2024,199,35.1,21.5277777777778
2024-07-18,86,241.92,2024,200,35.8388888888889,22.0222222222222
2024-07-19,88,263.47,2024,201,34.7611111111111,21.7888888888889
2024-07-20,85,264.39,2024,202,35.75,21.9777777777778
2024-07-21,90,228.69,2024,203,35.2611111111111,21.9222222222222
2024-07-22,85,250.46,2024,204,35.1,22.4722222222222
2024-07-23,84,264.6,2024,205,34.6611111111111,23.2388888888889
2024-07-24,83,252.39,2024,206,34.5222222222222,22.95
2024-07-25,90,163.07,2024,207,34.4277777777778,23.8277777777778
2024-07-26,92,120.57,2024,208,32.7,23.7277777777778
2024-07-27,90,217.6,2024,209,34.75,22.4
2024-07-28,97,74.8,2024,210,29.8222222222222,23.2722222222222
2024-07-29,81,284.27,2024,211,32.25,21.8722222222222
2024-07-30,88,212.08,2024,212,34.6,22.2722222222222
2024-07-31,82,294.47,2024,213,35.5111111111111,22.8111111111111
2024-08-01,88,168.98,2024,214,34.5777777777778,23.6611111111111
2024-08-02,86,260.89,2024,215,34.85,22.4111111111111
2024-08-03,91,170.94,2024,216,33.6777777777778,22.2277777777778
2024-08-04,92,101.59,2024,217,31.4777777777778,23.5388888888889
2024-08-05,93,52.31,2024,218,27.1722222222222,24.2222222222222
2024-08-06,86,90.64,2024,219,29.7222222222222,23.9611111111111
2024-08-07,79,161.01,2024,220,33.4777777777778,24.8611111111111
2024-08-08,83,226.38,2024,221,34.9111111111111,24.3222222222222
2024-08-09,84,248.41,2024,222,34.4888888888889,25.6111111111111
2024-08-10,90,188.83,2024,223,34.15,23.9111111111111
2024-08-11,87,186.57,2024,224,34.8388888888889,23.9611111111111
2024-08-12,84,279.46,2024,225,36.1111111111111,23.4722222222222
2024-08-13,81,268.33,2024,226,36.6777777777778,23.7277777777778
2024-08-14,85,239.59,2024,227,35.6777777777778,24.7222222222222
2024-08-15,86,217.94,2024,228,31.6388888888889,22.6111111111111
2024-08-16,78,293.9,2024,229,32.1388888888889,20.2722222222222
2024-08-17,80,265.38,2024,230,33.3777777777778,19.3888888888889
2024-08-18,75,285.8,2024,231,35.7611111111111,20.0722222222222
2024-08-19,79,254.83,2024,232,36.3722222222222,22.9722222222222
2024-08-20,80,254.6,2024,233,36.6,23.3277777777778
2024-08-21,83,221.1,2024,234,34.0222222222222,22.0388888888889
2024-08-22,95,136.51,2024,235,30.7611111111111,22.2888888888889
2024-08-23,93,193.03,2024,236,33.4111111111111,22.0111111111111
2024-08-24,88,251.4,2024,237,33.2277777777778,21.7388888888889
2024-08-25,89,187.87,2024,238,34.1,22.0888888888889
2024-08-26,87,259.83,2024,239,33.9277777777778,22.5777777777778
2024-08-27,89,174.28,2024,240,32.9277777777778,23.1388888888889
2024-08-28,88,206.54,2024,241,33.5277777777778,22.4
2024-08-29,85,288.57,2024,242,33.7222222222222,21.4611111111111
2024-08-30,86,268.59,2024,243,33.1611111111111,21.9
2024-08-31,85,258.74,2024,244,32.7,21.4222222222222
2024-09-01,92,149.38,2024,245,32.8,21.6777777777778
2024-09-02,89,226.03,2024,246,35.2277777777778,22.5277777777778
2024-09-03,94,146.56,2024,247,33.4111111111111,22.4222222222222
2024-09-04,94,163.1,2024,248,31.95,23.8388888888889
2024-09-05,96,108.27,2024,249,32.5222222222222,23.9388888888889
2024-09-06,93,215.31,2024,250,33.55,23.05
2024-09-07,95,143.5,2024,251,31.9611111111111,22.6777777777778
2024-09-08,95,127.24,2024,252,32.9277777777778,23.85
2024-09-09,93,190.0,2024,253,31.55,24.0277777777778
2024-09-10,94,138.73,2024,254,29.7222222222222,23.9777777777778
2024-09-11,97,83.69,2024,255,29.2111111111111,24.0722222222222
2024-09-12,97,62.34,2024,256,27.0111111111111,23.4
2024-09-13,97,85.6,2024,257,28.9611111111111,22.8222222222222
2024-09-14,93,176.65,2024,258,33.1,22.4888888888889
2024-09-15,91,162.88,2024,259,30.9611111111111,22.8777777777778
2024-09-16,92,141.25,2024,260,28.8,22.1611111111111
2024-09-17,88,227.49,2024,261,32.4388888888889,19.9611111111111
2024-09-18,89,194.72,2024,262,34.0,20.6722222222222
2024-09-19,87,232.75,2024,263,32.8,21.45
2024-09-20,88,206.8,2024,264,30.8388888888889,20.35
2024-09-21,87,237.46,2024,265,30.9,19.5222222222222
2024-09-22,88,230.78,2024,266,31.4777777777778,19.1111111111111
2024-09-23,83,263.62,2024,267,32.7888888888889,18.7111111111111
2024-09-24,84,241.43,2024,268,32.5777777777778,19.0777777777778
2024-09-25,89,132.74,2024,269,31.8888888888889,19.7277777777778
2024-09-26,88,95.86,2024,270,30.75,24.8
2024-09-27,79,215.77,2024,271,32.0277777777778,21.5111111111111
2024-09-28,87,167.66,2024,272,32.3,20.9388888888889
2024-09-29,86,186.23,2024,273,32.9611111111111,22.3722222222222
2024-09-30,92,151.94,2024,274,33.0611111111111,23.1777777777778
2024-10-01,89,208.37,2024,275,33.5222222222222,22.9222222222222
2024-10-02,85,202.41,2024,276,31.4388888888889,21.6722222222222
2024-10-03,86,225.09,2024,277,31.6388888888889,19.5888888888889
2024-10-04,88,208.83,2024,278,31.6888888888889,20.3111111111111
2024-10-05,88,175.11,2024,279,31.8388888888889,21.7777777777778
2024-10-06,95,58.73,2024,280,26.3777777777778,21.9611111111111
2024-10-07,96,72.04,2024,281,26.35,21.6
2024-10-08,90,151.97,2024,282,29.05,20.7722222222222
2024-10-09,97,11.21,2024,283,24.4388888888889,21.4722222222222
2024-10-10,89,59.53,2024,284,24.0722222222222,19.9277777777778
2024-10-11,81,215.08,2024,285,26.2888888888889,16.4388888888889
2024-10-12,91,139.95,2024,286,28.3,16.6777777777778
2024-10-13,86,234.71,2024,287,30.2277777777778,16.8277777777778
2024-10-14,79,232.84,2024,288,30.3722222222222,14.8388888888889
2024-10-15,75,225.01,2024,289,29.0277777777778,16.7
2024-10-16,65,176.5,2024,290,20.7111111111111,11.7
2024-10-17,72,214.77,2024,291,21.0777777777778,9.2
2024-10-18,82,179.65,2024,292,25.8111111111111,10.2277777777778
2024-10-19,85,103.67,2024,293,26.7111111111111,14.3222222222222
2024-10-20,92,119.79,2024,294,25.45,17.7722222222222
2024-10-21,91,130.71,2024,295,26.3388888888889,14.4722222222222
2024-10-22,87,177.68,2024,296,28.6722222222222,18.2222222222222
2024-10-23,88,159.6,2024,297,28.45,16.2
2024-10-24,81,218.36,2024,298,29.8222222222222,13.9111111111111
2024-10-25,81,215.39,2024,299,30.25,13.1611111111111
2024-10-26,84,208.98,2024,300,29.8722222222222,14.9888888888889
2024-10-27,82,191.51,2024,301,29.7611111111111,13.3111111111111
2024-10-28,90,126.19,2024,302,25.4,15.6722222222222
2024-10-29,92,153.32,2024,303,28.0388888888889,16.1277777777778
2024-10-30,82,180.87,2024,304,29.0722222222222,17.9888888888889
2024-10-31,80,192.38,2024,305,29.2111111111111,16.7888888888889
2024-11-01,85,196.0,2024,306,29.6888888888889,15.8111111111111
2024-11-02,87,174.46,2024,307,28.9611111111111,16.9277777777778
2024-11-03,85,163.28,2024,308,28.9222222222222,18.8111111111111
2024-11-04,90,117.18,2024,309,28.0722222222222,15.95
2024-11-05,85,135.87,2024,310,29.1611111111111,17.5888888888889
2024-11-06,93,80.11,2024,311,28.4111111111111,23.8
2024-11-07,90,119.52,2024,312,30.2388888888889,20.3722222222222
2024-11-08,89,153.39,2024,313,30.8222222222222,19.9277777777778
2024-11-09,88,121.28,2024,314,28.4888888888889,19.0388888888889
2024-11-10,92,60.59,2024,315,26.4388888888889,19.4
2024-11-11,90,155.44,2024,316,30.8,18.8888888888889
2024-11-12,91,101.77,2024,317,27.9388888888889,19.2611111111111
2024-11-13,75,139.54,2024,318,27.4388888888889,17.7277777777778
2024-11-14,74,151.69,2024,319,29.2777777777778,17.0777777777778
2024-11-15,80,190.08,2024,320,22.7222222222222,10.7722222222222
2024-11-16,82,182.3,2024,321,25.0111111111111,10.1722222222222
2024-11-17,85,153.15,2024,322,25.85,10.5111111111111
2024-11-18,82,123.42,2024,323,26.65,9.85
2024-11-19,79,141.82,2024,324,28.0111111111111,11.1611111111111
2024-11-20,82,102.91,2024,325,29.0611111111111,18.9611111111111
2024-11-21,51,191.41,2024,326,20.1777777777778,9.92222222222222
2024-11-22,56,189.74,2024,327,19.1111111111111,2.72777777777778
2024-11-23,74,184.6,2024,328,20.4722222222222,1.66666666666667
2024-11-24,77,185.7,2024,329,24.1722222222222,1.77777777777778
2024-11-25,78,180.08,2024,330,25.2111111111111,3.00555555555555
2024-11-26,80,178.12,2024,331,26.8222222222222,4.53333333333333
2024-11-27,85,130.29,2024,332,27.5888888888889,11.0277777777778
2024-11-28,85,131.28,2024,333,28.1388888888889,10.6722222222222
2024-11-29,89,44.51,2024,334,20.1222222222222,9.17777777777778
2024-11-30,75,156.83,2024,335,17.1777777777778,3.47222222222222
2024-12-01,66,177.79,2024,336,18.7,1.75555555555555
2024-12-02,74,179.12,2024,337,18.05,-0.716666666666666
2024-12-03,69,173.75,2024,338,16.2777777777778,-1.47777777777778
2024-12-04,71,176.19,2024,339,19.2777777777778,1.27222222222222
2024-12-05,80,141.61,2024,340,24.35,2.28333333333333
2024-12-06,81,107.56,2024,341,18.35,3.14444444444444
2024-12-07,74,170.13,2024,342,17.8611111111111,1.47777777777778
2024-12-08,82,147.61,2024,343,22.3388888888889,2.32777777777778
2024-12-09,84,110.34,2024,344,26.0222222222222,10.2888888888889
2024-12-10,83,135.69,2024,345,27.3888888888889,13.5277777777778
2024-12-11,80,53.26,2024,346,23.6,7.65555555555556
2024-12-12,74,173.28,2024,347,16.4111111111111,0.216666666666667
2024-12-13,84,126.84,2024,348,22.2611111111111,5.55555555555556
2024-12-14,84,114.58,2024,349,23.85,11.9388888888889
2024-12-15,89,96.65,2024,350,23.4222222222222,14.0888888888889
2024-12-16,97,86.39,2024,351,21.65,12.9
2024-12-17,93,151.04,2024,352,26.8111111111111,16.6277777777778
2024-12-18,93,134.53,2024,353,26.05,15.8611111111111
2024-12-19,93,129.15,2024,354,27.15,14.8388888888889
2024-12-20,80,162.83,2024,355,20.0222222222222,8.25
2024-12-21,77,160.13,2024,356,15.4777777777778,5.07222222222222
2024-12-22,82,104.53,2024,357,17.8277777777778,5.16666666666667
2024-12-23,91,46.98,2024,358,17.8,11.0722222222222
2024-12-24,96,34.79,2024,359,14.3388888888889,7.16111111111111
2024-12-25,92,70.5,2024,360,17.6222222222222,6.61666666666666
2024-12-26,96,44.03,2024,361,19.0111111111111,12.7722222222222
2024-12-27,97,49.32,2024,362,19.85,14.2611111111111
2024-12-28,91,85.61,2024,363,24.8777777777778,18.0
2024-12-29,94,48.14,2024,364,24.7,15.6611111111111
2024-12-30,93,138.75,2024,365,26.0,15.9222222222222
2024-12-31,90,119.32,2024,366,26.4111111111111,16.4277777777778
2025-01-01,78,171.36,2025,1,20.5222222222222,7.26666666666667
2025-01-02,82,164.7,2025,2,18.2111111111111,4.99444444444445
2025-01-03,74,175.6,2025,3,18.3611111111111,2.69444444444445
2025-01-04,61,173.86,2025,4,16.4611111111111,3.42777777777778
2025-01-05,75,170.86,2025,5,21.6888888888889,1.77777777777778
2025-01-06,80,102.59,2025,6,24.9222222222222,7.33333333333333
2025-01-07,78,76.5,2025,7,8.98888888888889,1.08333333333333
2025-01-08,69,173.88,2025,8,15.1388888888889,0.638888888888888
2025-01-09,69,178.32,2025,9,11.3111111111111,-0.46111111111111
2025-01-10,79,161.56,2025,10,18.9722222222222,-0.327777777777778
2025-01-11,84,58.23,2025,11,17.2222222222222,4.21111111111111
2025-01-12,74,179.36,2025,12,14.6722222222222,0.466666666666669
2025-01-13,85,25.51,2025,13,13.0222222222222,8.65
2025-01-14,79,181.25,2025,14,16.45,4.76111111111111
2025-01-15,76,82.1,2025,15,14.4388888888889,2.48888888888889
2025-01-16,76,105.04,2025,16,17.0,4.21666666666667
2025-01-17,78,182.72,2025,17,19.3111111111111,0.82222222222222
2025-01-18,84,110.69,2025,18,25.1222222222222,9.77777777777778
2025-01-19,91,52.8,2025,19,20.6,10.7611111111111
2025-01-20,74,165.28,2025,20,10.1888888888889,2.08888888888889
2025-01-21,89,16.42,2025,21,9.52222222222222,1.68333333333333
2025-01-22,94,30.39,2025,22,3.87777777777778,0.933333333333333
2025-01-23,78,77.13,2025,23,11.3277777777778,3.11666666666667
2025-01-24,59,184.43,2025,24,12.75,0.0944444444444454
2025-01-25,79,198.53,2025,25,14.5777777777778,-1.52222222222222
2025-01-26,82,179.54,2025,26,21.2,2.83888888888889
2025-01-27,80,168.9,2025,27,23.4888888888889,5.37222222222222
2025-01-28,79,167.81,2025,28,22.8888888888889,8.15
2025-01-29,79,194.73,2025,29,24.05,5.17222222222222
2025-01-30,84,190.39,2025,30,23.8277777777778,5.75555555555556
2025-01-31,81,189.04,2025,31,28.3777777777778,11.2888888888889
2025-02-01,73,184.7,2025,32,22.1888888888889,9.68888888888889
2025-02-02,89,131.7,2025,33,24.7722222222222,7.71111111111111
2025-02-03,91,91.1,2025,34,24.1888888888889,13.7722222222222
2025-02-04,87,178.05,2025,35,28.3888888888889,13.8388888888889
2025-02-05,82,185.64,2025,36,29.7388888888889,10.1388888888889
2025-02-06,83,177.24,2025,37,29.1722222222222,13.6388888888889
2025-02-07,90,124.84,2025,38,25.8277777777778,12.8722222222222
2025-02-08,86,162.33,2025,39,27.5777777777778,10.8722222222222
2025-02-09,81,208.96,2025,40,28.1777777777778,10.9277777777778
2025-02-10,86,204.81,2025,41,28.3722222222222,10.35
2025-02-11,92,135.84,2025,42,27.3888888888889,15.7
2025-02-12,81,210.82,2025,43,28.9277777777778,14.5277777777778
2025-02-13,86,161.34,2025,44,30.9111111111111,17.5777777777778
2025-02-14,86,123.53,2025,45,21.4222222222222,14.2
2025-02-15,90,119.97,2025,46,27.9222222222222,14.9222222222222
2025-02-16,90,91.61,2025,47,27.25,13.4777777777778
2025-02-17,82,235.07,2025,48,14.0111111111111,6.33888888888889
2025-02-18,84,193.0,2025,49,22.2388888888889,4.24444444444444
2025-02-19,96,33.66,2025,50,19.0777777777778,11.5611111111111
2025-02-20,82,172.91,2025,51,16.7111111111111,4.68888888888889
2025-02-21,73,238.5,2025,52,11.8111111111111,1.40555555555556
2025-02-22,85,116.65,2025,53,19.9222222222222,4.17777777777778
2025-02-23,82,232.57,2025,54,23.3222222222222,5.07777777777778
2025-02-24,96,28.91,2025,55,15.1777777777778,12.3388888888889
2025-02-25,91,121.44,2025,56,21.5777777777778,10.1722222222222
2025-02-26,75,238.13,2025,57,26.9611111111111,7.16666666666667
2025-02-27,76,201.52,2025,58,26.8611111111111,9.18888888888889
2025-02-28,65,253.98,2025,59,24.3277777777778,8.45
2025-03-01,70,234.04,2025,60,25.1722222222222,6.18333333333333
2025-03-02,78,250.47,2025,61,20.7777777777778,6.94444444444444
2025-03-03,82,201.69,2025,62,21.3611111111111,4.88333333333333
2025-03-04,78,216.5,2025,63,24.3888888888889,11.3611111111111
2025-03-05,76,134.64,2025,64,24.7722222222222,15.8611111111111
2025-03-06,49,264.89,2025,65,20.2611111111111,9.4
2025-03-07,67,265.95,2025,66,23.9222222222222,2.55555555555556
2025-03-08,87,73.87,2025,67,21.4888888888889,4.9
2025-03-09,79,150.59,2025,68,26.7388888888889,13.4
2025-03-10,75,144.04,2025,69,23.5111111111111,12.9388888888889
2025-03-11,67,273.8,2025,70,26.1388888888889,8.27777777777778
2025-03-12,68,271.55,2025,71,26.25,4.87777777777778
2025-03-13,75,268.18,2025,72,26.1111111111111,6.13333333333333
2025-03-14,79,258.28,2025,73,24.4611111111111,9.37222222222222
2025-03-15,79,232.5,2025,74,28.2611111111111,12.55
2025-03-16,86,42.23,2025,75,25.2388888888889,19.3111111111111
2025-03-17,57,286.65,2025,76,19.8722222222222,7.71111111111111
2025-03-18,68,289.77,2025,77,22.6388888888889,3.97222222222222
2025-03-19,65,290.62,2025,78,28.4277777777778,3.51111111111111
2025-03-20,72,223.5,2025,79,27.1888888888889,5.82222222222222
2025-03-21,61,293.07,2025,80,19.8277777777778,4.42222222222222
2025-03-22,71,283.96,2025,81,23.4611111111111,1.71111111111111
2025-03-23,77,256.55,2025,82,27.3,4.53333333333333
2025-03-24,84,154.25,2025,83,25.6111111111111,10.9722222222222
2025-03-25,82,239.13,2025,84,28.0388888888889,14.3111111111111
2025-03-26,71,285.62,2025,85,28.1,8.93888888888889
2025-03-27,73,283.66,2025,86,25.8722222222222,7.41666666666667
2025-03-28,79,231.69,2025,87,26.7388888888889,9.35
2025-03-29,82,179.63,2025,88,26.4777777777778,12.3277777777778
2025-03-30,93,53.98,2025,89,23.5388888888889,15.7777777777778
2025-03-31,85,235.92,2025,90,29.6722222222222,18.1388888888889
2025-04-01,85,239.13,2025,91,30.6111111111111,18.8277777777778
2025-04-02,84,253.12,2025,92,31.3277777777778,17.1888888888889
2025-04-03,82,251.99,2025,93,32.2388888888889,20.8777777777778
2025-04-04,81,252.45,2025,94,31.05,16.9277777777778
2025-04-05,82,230.39,2025,95,31.9611111111111,15.2388888888889
2025-04-06,77,258.69,2025,96,32.3777777777778,16.7888888888889
2025-04-07,79,221.39,2025,97,31.7888888888889,17.5111111111111
2025-04-08,82,264.52,2025,98,24.1222222222222,15.0277777777778
2025-04-09,79,282.64,2025,99,24.3722222222222,11.3277777777778
2025-04-10,80,263.29,2025,100,26.7388888888889,15.35
2025-04-11,72,291.97,2025,101,28.6,12.5777777777778
2025-04-12,78,310.24,2025,102,23.1888888888889,9.76111111111111
2025-04-13,69,322.57,2025,103,25.8222222222222,7.23333333333334
2025-04-14,72,310.53,2025,104,29.7,7.27777777777778
2025-04-15,72,309.38,2025,105,29.2222222222222,11.0388888888889
2025-04-16,64,331.18,2025,106,26.5111111111111,9.9
2025-04-17,71,316.47,2025,107,28.3722222222222,6.15555555555556
2025-04-18,78,288.98,2025,108,28.9888888888889,10.7222222222222
2025-04-19,77,309.53,2025,109,29.2611111111111,11.6222222222222
2025-04-20,75,274.61,2025,110,29.5388888888889,11.4388888888889
2025-04-21,79,270.11,2025,111,30.15,14.9888888888889
2025-04-22,81,244.39,2025,112,29.65,13.9111111111111
2025-04-23,81,280.77,2025,113,30.9277777777778,13.15
2025-04-24,81,263.1,2025,114,28.6722222222222,14.9777777777778
2025-04-25,81,268.06,2025,115,28.9777777777778,14.1277777777778
2025-04-26,79,298.71,2025,116,31.6777777777778,13.9722222222222
2025-04-27,76,282.77,2025,117,33.8388888888889,15.6722222222222
2025-04-28,82,297.52,2025,118,30.1388888888889,16.8222222222222
2025-04-29,78,269.01,2025,119,28.6777777777778,16.35
2025-04-30,76,312.16,2025,120,28.2888888888889,12.8277777777778
2025-05-01,75,297.79,2025,121,31.0,11.8777777777778
2025-05-02,75,312.36,2025,122,30.6611111111111,13.4722222222222
2025-05-03,84,204.29,2025,123,30.45,16.7388888888889
2025-05-04,82,252.63,2025,124,30.8777777777778,18.3277777777778
2025-05-05,76,261.24,2025,125,30.7388888888889,15.9888888888889
2025-05-06,77,282.26,2025,126,33.1388888888889,17.2611111111111
2025-05-07,86,219.07,2025,127,33.3,19.7722222222222
2025-05-08,85,191.38,2025,128,31.2611111111111,19.4
2025-05-09,85,226.26,2025,129,33.0,19.5277777777778
2025-05-10,89,156.05,2025,130,30.1111111111111,20.0777777777778
2025-05-11,89,119.05,2025,131,28.2222222222222,20.7
2025-05-12,93,130.75,2025,132,26.4777777777778,20.9388888888889
2025-05-13,78,310.45,2025,133,30.8222222222222,18.9722222222222
2025-05-14,81,284.02,2025,134,31.9,16.5611111111111
2025-05-15,74,322.9,2025,135,34.2111111111111,17.4888888888889
2025-05-16,70,329.1,2025,136,34.9,17.7388888888889
2025-05-17,72,311.07,2025,137,35.0,16.8277777777778
2025-05-18,69,322.73,2025,138,35.3388888888889,20.7
2025-05-19,78,291.14,2025,139,35.0277777777778,19.5888888888889
2025-05-20,73,281.95,2025,140,35.6,20.6
2025-05-21,75,279.69,2025,141,35.1777777777778,18.8888888888889
2025-05-22,66,251.93,2025,142,32.0722222222222,17.3611111111111
2025-05-23,65,338.93,2025,143,35.0222222222222,13.2277777777778
2025-05-24,75,313.51,2025,144,34.35,18.5888888888889
2025-05-25,87,244.85,2025,145,33.7888888888889,19.4
2025-05-26,90,269.17,2025,146,34.0277777777778,19.6
2025-05-27,83,278.99,2025,147,35.1777777777778,19.8
2025-05-28,85,285.85,2025,148,34.8222222222222,21.1777777777778
2025-05-29,88,222.03,2025,149,33.4611111111111,20.7611111111111
2025-05-30,83,294.53,2025,150,32.5277777777778,20.8111111111111
2025-05-31,80,238.79,2025,151,29.3888888888889,19.7611111111111
2025-06-01,78,304.71,2025,152,30.6888888888889,16.0222222222222
2025-06-02,83,272.38,2025,153,32.1722222222222,17.6
2025-06-03,90,159.58,2025,154,29.7277777777778,19.45
2025-06-04,89,215.71,2025,155,30.8611111111111,21.4277777777778
2025-06-05,85,222.3,2025,156,32.7611111111111,21.7611111111111
2025-06-06,88,264.3,2025,157,33.6222222222222,20.85
2025-06-07,80,290.06,2025,158,34.0888888888889,21.8611111111111
2025-06-08,83,256.0,2025,159,34.0611111111111,22.9388888888889
2025-06-09,82,304.0,2025,160,34.3222222222222,22.0388888888889
2025-06-10,86,228.78,2025,161,33.4777777777778,21.4111111111111
2025-06-11,90,245.16,2025,162,33.4222222222222,20.1111111111111
2025-06-12,84,291.04,2025,163,33.8611111111111,22.7277777777778
2025-06-13,83,268.46,2025,164,32.9388888888889,23.0722222222222
2025-06-14,87,228.47,2025,165,32.8611111111111,22.0888888888889
2025-06-15,91,249.15,2025,166,33.2777777777778,22.3611111111111
2025-06-16,89,243.81,2025,167,33.7611111111111,21.7388888888889
2025-06-17,81,321.41,2025,168,34.5111111111111,22.1611111111111
2025-06-18,80,290.87,2025,169,34.3111111111111,22.5277777777778
2025-06-19,88,215.26,2025,170,34.2277777777778,22.5388888888889
2025-06-20,83,309.74,2025,171,35.3888888888889,22.7111111111111
2025-06-21,82,317.56,2025,172,34.3111111111111,20.7222222222222
2025-06-22,84,320.25,2025,173,33.0,20.1722222222222
2025-06-23,84,303.47,2025,174,33.0222222222222,20.1777777777778
2025-06-24,80,307.99,2025,175,33.6111111111111,19.7111111111111
2025-06-25,80,319.8,2025,176,34.5111111111111,18.1388888888889
2025-06-26,85,195.46,2025,177,33.1888888888889,19.7222222222222
2025-06-27,87,245.75,2025,178,34.6,19.0
2025-06-28,88,204.44,2025,179,32.95,19.9777777777778
2025-06-29,92,160.31,2025,180,33.15,20.7277777777778
2025-06-30,91,192.02,2025,181,30.7111111111111,21.5888888888889
2025-07-01,80,313.46,2025,182,32.8222222222222,20.6
2025-07-02,,1.65,2025,183,31.43,23.64
2025-07-03,,1.33,2025,184,29.58,23.63
2025-07-04,,1.85,2025,185,31.05,24.61
2025-07-05,,1.9,2025,186,30.24,24.76
2025-07-06,,1.51,2025,187,31.55,23.29
2025-07-07,,1.84,2025,188,32.21,23.48
2025-07-08,,1.84,2025,189,32.32,23.99
2025-07-09,,1.3,2025,190,34.03,24.64
2025-07-10,,2.0,2025,191,34.0,24.1
2025-07-11,,1.98,2025,192,33.64,24.0
2025-07-12,,1.85,2025,193,33.86,24.84
2025-07-13,,1.19,2025,194,31.3,25.07
2025-07-14,,1.73,2025,195,30.13,24.82
2025-07-15,,1.25,2025,196,30.83,25.05
2025-07-16,,1.99,2025,197,31.85,24.97
2025-07-17,,2.06,2025,198,31.38,25.81
2025-07-18,,2.16,2025,199,33.84,25.26
2025-07-19,,2.01,2025,200,34.74,25.36
2025-07-20,,2.32,2025,201,35.27,25.28
2025-07-21,,1.62,2025,202,33.26,25.42
2025-07-22,,1.44,2025,203,33.19,25.29
2025-07-23,,1.27,2025,204,31.1,25.6
2025-07-24,,1.93,2025,205,32.63,24.88
2025-07-25,,2.15,2025,206,31.9,25.84
2025-07-26,,2.17,2025,207,35.97,25.41
2025-07-27,,2.23,2025,208,35.41,25.48
2025-07-28,,2.22,2025,209,37.63,25.9
2025-07-29,,2.03,2025,210,37.33,26.21
2025-07-30,,2.02,2025,211,37.04,25.87
2025-07-31,,2.15,2025,212,35.96,26.1
2025-08-01,,2.14,2025,213,35.62,25.69
2025-08-02,,1.71,2025,214,35.04,25.72
2025-08-03,,1.77,2025,215,33.94,25.61
2025-08-04,,1.73,2025,216,33.78,26.03
2025-08-05,,2.05,2025,217,35.96,25.02
2025-08-06,,1.92,2025,218,34.58,25.15
2025-08-07,,1.97,2025,219,32.46,25.36
2025-08-08,,1.6,2025,220,29.66,25.77
2025-08-09,,1.58,2025,221,30.7,25.4
2025-08-10,,1.66,2025,222,31.45,25.17
2025-08-11,,2.14,2025,223,32.54,25.43
2025-08-12,,1.85,2025,224,32.62,26.51
2025-08-13,,1.85,2025,225,34.6,25.83
2025-08-14,,1.86,2025,226,35.55,25.47
2025-08-15,,2.01,2025,227,35.78,25.97
2025-08-16,,1.86,2025,228,34.21,26.78
2025-08-17,,1.51,2025,229,32.35,26.26
2025-08-18,,1.87,2025,230,31.59,26.53
2025-08-19,,2.0,2025,231,31.48,26.24
2025-08-20,,1.99,2025,232,32.44,26.31
2025-08-21,,1.7,2025,233,32.8,25.21
2025-08-22,,1.62,2025,234,31.42,24.5
2025-08-23,,1.3,2025,235,29.5,24.78
2025-08-24,,1.42,2025,236,29.79,24.29
2025-08-25,,1.71,2025,237,30.75,24.72
2025-08-26,,2.01,2025,238,34.34,24.59
2025-08-27,,1.92,2025,239,32.84,24.21
2025-08-28,,1.59,2025,240,32.84,25.35
2025-08-29,,1.49,2025,241,33.09,24.25
2025-08-30,,1.38,2025,242,32.49,24.59
2025-08-31,,1.51,2025,243,30.56,24.35
2025-09-01,,1.27,2025,244,29.92,25.27
2025-09-02,,1.65,2025,245,30.3,25.04
2025-09-03,,1.86,2025,246,30.7,25.0
2025-09-04,,2.01,2025,247,31.67,24.54
2025-09-05,,1.93,2025,248,31.37,24.81
2025-09-06,,1.51,2025,249,31.01,26.17
2025-09-07,,1.57,2025,250,32.72,25.2
2025-09-08,,1.18,2025,251,29.78,25.08
2025-09-09,,1.17,2025,252,27.38,25.07
2025-09-10,,1.42,2025,253,29.75,23.66
2025-09-11,,1.59,2025,254,28.41,23.55
2025-09-12,,1.48,2025,255,28.52,24.01
2025-09-13,,1.55,2025,256,28.74,23.57
2025-09-14,,1.83,2025,257,29.0,21.64
2025-09-15,,1.98,2025,258,30.04,21.32
2025-09-16,,1.74,2025,259,30.08,21.59
2025-09-17,,1.52,2025,260,28.47,23.34
2025-09-18,,1.66,2025,261,29.38,23.05
2025-09-19,,1.89,2025,262,31.16,23.05
2025-09-20,,1.72,2025,263,31.06,23.41
2025-09-21,,1.74,2025,264,30.96,23.43
2025-09-22,,1.62,2025,265,32.03,24.55
2025-09-23,,1.54,2025,266,32.41,24.22
2025-09-24,,1.77,2025,267,34.0,24.36
2025-09-25,,1.36,2025,268,32.74,24.65
2025-09-26,,1.5,2025,269,33.06,23.79
2025-09-27,,1.18,2025,270,31.2,24.3
2025-09-28,,1.33,2025,271,29.35,24.53
2025-09-29,,1.22,2025,272,29.26,24.19
2025-09-30,,0.85,2025,273,28.61,23.69
2025-10-01,,1.18,2025,274,29.85,22.96
2025-10-02,,1.14,2025,275,29.07,24.44
2025-10-03,,1.3,2025,276,28.5,23.54
2025-10-04,,1.24,2025,277,28.42,23.41
2025-10-05,,0.92,2025,278,27.73,24.5
2025-10-06,,0.87,2025,279,27.75,24.83
2025-10-07,,1.36,2025,280,29.04,23.46
2025-10-08,,1.32,2025,281,30.43,22.94
2025-10-09,,0.97,2025,282,28.15,24.39
2025-10-10,,0.85,2025,283,25.29,23.21
2025-10-11,,0.56,2025,284,24.54,19.75
2025-10-12,,1.76,2025,285,27.01,17.53
2025-10-13,,1.72,2025,286,28.08,18.8
2025-10-14,,1.59,2025,287,28.2,19.34
2025-10-15,,1.43,2025,288,27.42,19.57
2025-10-16,,1.57,2025,289,27.55,19.58
2025-10-17,,1.52,2025,290,27.11,19.9
2025-10-18,,1.37,2025,291,27.15,19.57
2025-10-19,,1.28,2025,292,29.53,18.36
2025-10-20,,1.45,2025,293,27.49,19.54
2025-10-21,,1.54,2025,294,30.16,20.3
2025-10-22,,1.62,2025,295,28.48,18.27
2025-10-23,,1.64,2025,296,26.99,17.49
2025-10-24,,1.59,2025,297,27.36,17.53
2025-10-25,,1.41,2025,298,27.43,20.16
2025-10-26,,0.88,2025,299,27.06,22.5
2025-10-27,,0.93,2025,300,27.31,20.95
2025-10-28,,0.67,2025,301,24.41,17.42
2025-10-29,,1.27,2025,302,25.61,15.91
2025-10-30,,1.58,2025,303,21.24,12.76
2025-10-31,,1.54,2025,304,21.19,10.47
2025-11-01,,1.52,2025,305,23.02,12.72
2025-11-02,,1.3,2025,306,25.37,14.69
2025-11-03,,1.51,2025,307,22.88,14.81
2025-11-04,,1.43,2025,308,25.2,13.5
2025-11-05,,1.38,2025,309,26.9,17.86
2025-11-06,,1.15,2025,310,25.04,16.25
2025-11-07,,1.25,2025,311,26.72,19.36
2025-11-08,,1.16,2025,312,28.65,18.35
2025-11-09,,0.94,2025,313,27.05,19.95
2025-11-10,,1.46,2025,314,21.0,8.25
2025-11-11,,1.44,2025,315,13.64,4.28
2025-11-12,,1.42,2025,316,20.41,6.26
2025-11-13,,1.4,2025,317,23.89,8.99
2025-11-14,,1.38,2025,318,24.23,12.9
2025-11-15,,1.36,2025,319,26.31,15.02
2025-11-16,,1.31,2025,320,25.59,12.49
2025-11-17,,1.3,2025,321,26.41,15.84
2025-11-18,,1.3,2025,322,27.01,16.04
2025-11-19,,1.29,2025,323,28.4,14.88
2025-11-20,,1.25,2025,324,28.36,14.66
2025-11-21,,1.09,2025,325,27.82,15.84
2025-11-22,,1.27,2025,326,28.06,15.43
2025-11-23,,1.08,2025,327,27.87,18.63
2025-11-24,,1.17,2025,328,26.58,19.2
2025-11-25,,1.18,2025,329,27.72,19.09
2025-11-26,,0.84,2025,330,27.03,18.24
2025-11-27,,0.8,2025,331,21.41,12.23
2025-11-28,,1.28,2025,332,16.96,9.19
2025-11-29,,0.97,2025,333,22.29,13.12
2025-11-30,,1.2,2025,334,26.25,15.85
2025-12-01,,0.63,2025,335,24.25,17.21
2025-12-02,,0.73,2025,336,26.55,17.98
2025-12-03,,1.12,2025,337,22.32,13.95
2025-12-04,,0.99,2025,338,23.31,12.35
2025-12-05,,0.82,2025,339,26.58,15.86
2025-12-06,,0.46,2025,340,25.47,14.65
2025-12-07,,0.19,2025,341,22.29,15.63
2025-12-08,,0.53,2025,342,19.92,12.92
2025-12-09,,1.11,2025,343,18.23,11.67
2025-12-10,,0.81,2025,344,20.54,10.81
2025-12-11,,1.25,2025,345,18.28,9.69
2025-12-12,,1.24,2025,346,21.06,8.14
2025-12-13,,1.17,2025,347,22.72,10.68
2025-12-14,,1.09,2025,348,24.31,13.89
2025-12-15,,0.85,2025,349,16.05,11.65
2025-12-16,,1.1,2025,350,20.9,11.64
2025-12-17,,0.81,2025,351,22.34,16.46
2025-12-18,,0.67,2025,352,23.86,17.65
2025-12-19,,1.05,2025,353,25.05,12.68
2025-12-20,,1.22,2025,354,21.4,10.5
2025-12-21,,1.12,2025,355,22.67,13.16
2025-12-22,,0.95,2025,356,23.16,13.72
2025-12-23,,1.13,2025,357,24.73,16.34
2025-12-24,,1.14,2025,358,25.2,13.52
2025-12-25,,1.04,2025,359,25.59,14.17
2025-12-26,,1.16,2025,360,25.44,13.49
2025-12-27,,0.79,2025,361,24.91,14.43
2025-12-28,,0.81,2025,362,25.44,15.68
2025-12-29,,1.01,2025,363,25.47,13.62
2025-12-30,,0.51,2025,364,13.15,6.01
2025-12-31,,1.21,2025,365,13.83,3.42
2026-01-01,,1.21,2026,1,18.53,3.53
2026-01-02,,0.78,2026,2,19.56,7.25
2026-01-03,,0.85,2026,3,23.38,12.95
2026-01-04,,0.57,2026,4,18.16,12.42
2026-01-05,,1.16,2026,5,23.58,12.68
2026-01-06,,1.11,2026,6,24.91,12.36
2026-01-07,,1.05,2026,7,25.21,15.58
2026-01-08,,0.98,2026,8,25.67,15.1
2026-01-09,,1.05,2026,9,25.96,16.75
2026-01-10,,1.04,2026,10,26.59,17.06
2026-01-11,,0.64,2026,11,22.79,13.88
2026-01-12,,0.75,2026,12,17.93,12.61
2026-01-13,,0.95,2026,13,21.4,13.39
2026-01-14,,0.56,2026,14,19.57,12.81
2026-01-15,,1.16,2026,15,14.83,5.41
2026-01-16,,1.34,2026,16,14.41,2.6
2026-01-17,,1.14,2026,17,21.34,8.63
2026-01-18,,0.34,2026,18,17.47,5.74
2026-01-19,,1.36,2026,19,13.95,3.56
2026-01-20,,1.32,2026,20,16.41,5.27
2026-01-21,,1.3,2026,21,20.49,9.83
2026-01-22,,1.26,2026,22,21.52,13.43
2026-01-23,,1.3,2026,23,24.98,13.41
2026-01-24,,0.97,2026,24,23.0,14.36
2026-01-25,,1.12,2026,25,26.74,14.81
2026-01-26,,1.34,2026,26,20.21,6.91
2026-01-27,,1.45,2026,27,11.06,2.56
2026-01-28,,,2026,28,15.05,3.5
2026-01-29,,1.45,2026,29,16.9,3.03
2026-01-30,,1.42,2026,30,20.23,9.17
2026-01-31,,1.24,2026,31,14.59,-0.79
