id,Planting,planting_group,ft,Start_Date,End_Date,time1,time2,censored
FA002,Planting 2,Normal,43,2023-12-06,2024-02-16,36,43,0
FA002,Planting 3,Late,14,2024-03-15,2024-05-02,7,14,0
FA002,Planting 5,Normal,52,2024-12-03,2025-02-21,45,52,0
FA002,Planting 6,Late,32,2025-04-14,2025-06-09,25,32,0
FA002,Planting 1,Early,NA,2023-09-08,2023-11-10,63,Inf,1
FA002,Planting 4,Early,NA,2024-09-17,2024-11-22,63,Inf,1
FA003,Planting 2,Normal,NA,2023-12-06,2024-02-16,70,Inf,1
FA003,Planting 3,Late,42,2024-03-15,2024-05-02,35,42,0
FA003,Planting 5,Normal,59,2024-12-03,2025-02-21,52,59,0
FA003,Planting 6,Late,39,2025-04-14,2025-06-09,32,39,0
FA003,Planting 1,Early,59,2023-09-08,2023-11-10,52,59,0
FA003,Planting 4,Early,52,2024-09-17,2024-11-22,45,52,0
FA004,Planting 2,Normal,51,2023-12-06,2024-02-16,44,51,0
FA004,Planting 3,Late,42,2024-03-15,2024-05-02,35,42,0
FA004,Planting 5,Normal,59,2024-12-03,2025-02-21,52,59,0
FA004,Planting 6,Late,39,2025-04-14,2025-06-09,32,39,0
FA004,Planting 1,Early,52,2023-09-08,2023-11-10,45,52,0
FA004,Planting 4,Early,57,2024-09-17,2024-11-22,50,57,0
FA005,Planting 2,Normal,51,2023-12-06,2024-02-16,44,51,0
FA005,Planting 3,Late,35,2024-03-15,2024-05-02,28,35,0
FA005,Planting 5,Normal,59,2024-12-03,2025-02-21,52,59,0
FA005,Planting 6,Late,39,2025-04-14,2025-06-09,32,39,0
FA005,Planting 1,Early,52,2023-09-08,2023-11-10,45,52,0
FA005,Planting 4,Early,45,2024-09-17,2024-11-22,38,45,0
FA007,Planting 2,Normal,58,2023-12-06,2024-02-16,51,58,0
FA007,Planting 3,Late,42,2024-03-15,2024-05-02,35,42,0
FA007,Planting 5,Normal,59,2024-12-03,2025-02-21,52,59,0
FA007,Planting 6,Late,46,2025-04-14,2025-06-09,39,46,0
FA007,Planting 1,Early,52,2023-09-08,2023-11-10,45,52,0
FA007,Planting 4,Early,45,2024-09-17,2024-11-22,38,45,0
FA009,Planting 2,Normal,43,2023-12-06,2024-02-16,36,43,0
FA009,Planting 3,Late,14,2024-03-15,2024-05-02,7,14,0
FA009,Planting 5,Normal,45,2024-12-03,2025-02-21,38,45,0
FA009,Planting 6,Late,39,2025-04-14,2025-06-09,32,39,0
FA009,Planting 1,Early,59,2023-09-08,2023-11-10,52,59,0
FA009,Planting 4,Early,NA,2024-09-17,2024-11-22,63,Inf,1
FA011,Planting 2,Normal,58,2023-12-06,2024-02-16,51,58,0
FA011,Planting 3,Late,42,2024-03-15,2024-05-02,35,42,0
FA011,Planting 5,Normal,45,2024-12-03,2025-02-21,38,45,0
FA011,Planting 6,Late,39,2025-04-14,2025-06-09,32,39,0
FA011,Planting 1,Early,52,2023-09-08,2023-11-10,45,52,0
FA011,Planting 4,Early,45,2024-09-17,2024-11-22,38,45,0
FA014,Planting 2,Normal,NA,2023-12-06,2024-02-16,70,Inf,1
FA014,Planting 3,Late,NA,2024-03-15,2024-05-02,42,Inf,1
FA014,Planting 5,Normal,38,2024-12-03,2025-02-21,31,38,0
FA014,Planting 6,Late,NA,2025-04-14,2025-06-09,56,Inf,1
FA014,Planting 1,Early,52,2023-09-08,2023-11-10,45,52,0
FA014,Planting 4,Early,38,2024-09-17,2024-11-22,31,38,0
FA016,Planting 2,Normal,43,2023-12-06,2024-02-16,36,43,0
FA016,Planting 3,Late,14,2024-03-15,2024-05-02,7,14,0
FA016,Planting 5,Normal,59,2024-12-03,2025-02-21,52,59,0
FA016,Planting 6,Late,39,2025-04-14,2025-06-09,32,39,0
FA016,Planting 1,Early,52,2023-09-08,2023-11-10,45,52,0
FA016,Planting 4,Early,38,2024-09-17,2024-11-22,31,38,0
FA017,Planting 2,Normal,51,2023-12-06,2024-02-16,44,51,0
FA017,Planting 3,Late,42,2024-03-15,2024-05-02,35,42,0
FA017,Planting 5,Normal,38,2024-12-03,2025-02-21,31,38,0
FA017,Planting 6,Late,NA,2025-04-14,2025-06-09,56,Inf,1
FA017,Planting 1,Early,52,2023-09-08,2023-11-10,45,52,0
FA017,Planting 4,Early,38,2024-09-17,2024-11-22,31,38,0
FA019,Planting 2,Normal,43,2023-12-06,2024-02-16,36,43,0
FA019,Planting 3,Late,NA,2024-03-15,2024-05-02,42,Inf,1
FA019,Planting 5,Normal,38,2024-12-03,2025-02-21,31,38,0
FA019,Planting 6,Late,32,2025-04-14,2025-06-09,25,32,0
FA019,Planting 1,Early,52,2023-09-08,2023-11-10,45,52,0
FA019,Planting 4,Early,38,2024-09-17,2024-11-22,31,38,0
FA021,Planting 2,Normal,72,2023-12-06,2024-02-16,65,72,0
FA021,Planting 3,Late,55,2024-03-15,2024-05-02,48,55,0
FA021,Planting 5,Normal,78,2024-12-03,2025-02-21,71,78,0
FA021,Planting 6,Late,53,2025-04-14,2025-06-09,46,53,0
FA021,Planting 1,Early,70,2023-09-08,2023-11-10,63,70,0
FA021,Planting 4,Early,57,2024-09-17,2024-11-22,50,57,0
FA027,Planting 2,Normal,43,2023-12-06,2024-02-16,36,43,0
FA027,Planting 3,Late,42,2024-03-15,2024-05-02,35,42,0
FA027,Planting 5,Normal,66,2024-12-03,2025-02-21,59,66,0
FA027,Planting 6,Late,NA,2025-04-14,2025-06-09,56,Inf,1
FA027,Planting 1,Early,70,2023-09-08,2023-11-10,63,70,0
FA027,Planting 4,Early,64,2024-09-17,2024-11-22,57,64,0
FA028,Planting 2,Normal,43,2023-12-06,2024-02-16,36,43,0
FA028,Planting 3,Late,14,2024-03-15,2024-05-02,7,14,0
FA028,Planting 5,Normal,38,2024-12-03,2025-02-21,31,38,0
FA028,Planting 6,Late,39,2025-04-14,2025-06-09,32,39,0
FA028,Planting 1,Early,52,2023-09-08,2023-11-10,45,52,0
FA028,Planting 4,Early,45,2024-09-17,2024-11-22,38,45,0
FA031,Planting 2,Normal,51,2023-12-06,2024-02-16,44,51,0
FA031,Planting 3,Late,35,2024-03-15,2024-05-02,28,35,0
FA031,Planting 5,Normal,52,2024-12-03,2025-02-21,45,52,0
FA031,Planting 6,Late,46,2025-04-14,2025-06-09,39,46,0
FA031,Planting 1,Early,52,2023-09-08,2023-11-10,45,52,0
FA031,Planting 4,Early,57,2024-09-17,2024-11-22,50,57,0
FA032,Planting 2,Normal,58,2023-12-06,2024-02-16,51,58,0
FA032,Planting 3,Late,14,2024-03-15,2024-05-02,7,14,0
FA032,Planting 5,Normal,59,2024-12-03,2025-02-21,52,59,0
FA032,Planting 6,Late,46,2025-04-14,2025-06-09,39,46,0
FA032,Planting 1,Early,59,2023-09-08,2023-11-10,52,59,0
FA032,Planting 4,Early,52,2024-09-17,2024-11-22,45,52,0
FA033,Planting 2,Normal,72,2023-12-06,2024-02-16,65,72,0
FA033,Planting 3,Late,55,2024-03-15,2024-05-02,48,55,0
FA033,Planting 5,Normal,78,2024-12-03,2025-02-21,71,78,0
FA033,Planting 6,Late,NA,2025-04-14,2025-06-09,56,Inf,1
FA033,Planting 1,Early,70,2023-09-08,2023-11-10,63,70,0
FA033,Planting 4,Early,64,2024-09-17,2024-11-22,57,64,0
FA035,Planting 2,Normal,58,2023-12-06,2024-02-16,51,58,0
FA035,Planting 3,Late,49,2024-03-15,2024-05-02,42,49,0
FA035,Planting 5,Normal,66,2024-12-03,2025-02-21,59,66,0
FA035,Planting 6,Late,46,2025-04-14,2025-06-09,39,46,0
FA035,Planting 1,Early,52,2023-09-08,2023-11-10,45,52,0
FA035,Planting 4,Early,45,2024-09-17,2024-11-22,38,45,0
FA036,Planting 2,Normal,65,2023-12-06,2024-02-16,58,65,0
FA036,Planting 3,Late,49,2024-03-15,2024-05-02,42,49,0
FA036,Planting 5,Normal,66,2024-12-03,2025-02-21,59,66,0
FA036,Planting 6,Late,60,2025-04-14,2025-06-09,53,60,0
FA036,Planting 1,Early,70,2023-09-08,2023-11-10,63,70,0
FA036,Planting 4,Early,57,2024-09-17,2024-11-22,50,57,0
FA037,Planting 2,Normal,51,2023-12-06,2024-02-16,44,51,0
FA037,Planting 3,Late,35,2024-03-15,2024-05-02,28,35,0
FA037,Planting 5,Normal,59,2024-12-03,2025-02-21,52,59,0
FA037,Planting 6,Late,46,2025-04-14,2025-06-09,39,46,0
FA037,Planting 1,Early,59,2023-09-08,2023-11-10,52,59,0
FA037,Planting 4,Early,57,2024-09-17,2024-11-22,50,57,0
FA038,Planting 2,Normal,51,2023-12-06,2024-02-16,44,51,0
FA038,Planting 3,Late,14,2024-03-15,2024-05-02,7,14,0
FA038,Planting 5,Normal,59,2024-12-03,2025-02-21,52,59,0
FA038,Planting 6,Late,39,2025-04-14,2025-06-09,32,39,0
FA038,Planting 1,Early,52,2023-09-08,2023-11-10,45,52,0
FA038,Planting 4,Early,45,2024-09-17,2024-11-22,38,45,0
FA039,Planting 2,Normal,65,2023-12-06,2024-02-16,58,65,0
FA039,Planting 3,Late,49,2024-03-15,2024-05-02,42,49,0
FA039,Planting 5,Normal,NA,2024-12-03,2025-02-21,77,Inf,1
FA039,Planting 6,Late,60,2025-04-14,2025-06-09,53,60,0
FA039,Planting 1,Early,59,2023-09-08,2023-11-10,52,59,0
FA039,Planting 4,Early,57,2024-09-17,2024-11-22,50,57,0
FA042,Planting 2,Normal,65,2023-12-06,2024-02-16,58,65,0
FA042,Planting 3,Late,49,2024-03-15,2024-05-02,42,49,0
FA042,Planting 5,Normal,66,2024-12-03,2025-02-21,59,66,0
FA042,Planting 6,Late,60,2025-04-14,2025-06-09,53,60,0
FA042,Planting 1,Early,59,2023-09-08,2023-11-10,52,59,0
FA042,Planting 4,Early,57,2024-09-17,2024-11-22,50,57,0
FA045,Planting 2,Normal,65,2023-12-06,2024-02-16,58,65,0
FA045,Planting 3,Late,42,2024-03-15,2024-05-02,35,42,0
FA045,Planting 5,Normal,66,2024-12-03,2025-02-21,59,66,0
FA045,Planting 6,Late,46,2025-04-14,2025-06-09,39,46,0
FA045,Planting 1,Early,52,2023-09-08,2023-11-10,45,52,0
FA045,Planting 4,Early,45,2024-09-17,2024-11-22,38,45,0
FA046,Planting 2,Normal,58,2023-12-06,2024-02-16,51,58,0
FA046,Planting 3,Late,42,2024-03-15,2024-05-02,35,42,0
FA046,Planting 5,Normal,59,2024-12-03,2025-02-21,52,59,0
FA046,Planting 6,Late,53,2025-04-14,2025-06-09,46,53,0
FA046,Planting 1,Early,59,2023-09-08,2023-11-10,52,59,0
FA046,Planting 4,Early,52,2024-09-17,2024-11-22,45,52,0
FA047,Planting 2,Normal,65,2023-12-06,2024-02-16,58,65,0
FA047,Planting 3,Late,49,2024-03-15,2024-05-02,42,49,0
FA047,Planting 5,Normal,73,2024-12-03,2025-02-21,66,73,0
FA047,Planting 6,Late,NA,2025-04-14,2025-06-09,56,Inf,1
FA047,Planting 1,Early,59,2023-09-08,2023-11-10,52,59,0
FA047,Planting 4,Early,52,2024-09-17,2024-11-22,45,52,0
FA048,Planting 2,Normal,58,2023-12-06,2024-02-16,51,58,0
FA048,Planting 3,Late,42,2024-03-15,2024-05-02,35,42,0
FA048,Planting 5,Normal,66,2024-12-03,2025-02-21,59,66,0
FA048,Planting 6,Late,53,2025-04-14,2025-06-09,46,53,0
FA048,Planting 1,Early,59,2023-09-08,2023-11-10,52,59,0
FA048,Planting 4,Early,57,2024-09-17,2024-11-22,50,57,0
FA049,Planting 2,Normal,51,2023-12-06,2024-02-16,44,51,0
FA049,Planting 3,Late,28,2024-03-15,2024-05-02,21,28,0
FA049,Planting 5,Normal,59,2024-12-03,2025-02-21,52,59,0
FA049,Planting 6,Late,39,2025-04-14,2025-06-09,32,39,0
FA049,Planting 1,Early,52,2023-09-08,2023-11-10,45,52,0
FA049,Planting 4,Early,38,2024-09-17,2024-11-22,31,38,0
FA050,Planting 2,Normal,58,2023-12-06,2024-02-16,51,58,0
FA050,Planting 3,Late,49,2024-03-15,2024-05-02,42,49,0
FA050,Planting 5,Normal,59,2024-12-03,2025-02-21,52,59,0
FA050,Planting 6,Late,NA,2025-04-14,2025-06-09,56,Inf,1
FA050,Planting 1,Early,59,2023-09-08,2023-11-10,52,59,0
FA050,Planting 4,Early,57,2024-09-17,2024-11-22,50,57,0
FA051,Planting 2,Normal,51,2023-12-06,2024-02-16,44,51,0
FA051,Planting 3,Late,35,2024-03-15,2024-05-02,28,35,0
FA051,Planting 5,Normal,45,2024-12-03,2025-02-21,38,45,0
FA051,Planting 6,Late,32,2025-04-14,2025-06-09,25,32,0
FA051,Planting 1,Early,NA,2023-09-08,2023-11-10,63,Inf,1
FA051,Planting 4,Early,45,2024-09-17,2024-11-22,38,45,0
FA052,Planting 2,Normal,65,2023-12-06,2024-02-16,58,65,0
FA052,Planting 3,Late,35,2024-03-15,2024-05-02,28,35,0
FA052,Planting 5,Normal,66,2024-12-03,2025-02-21,59,66,0
FA052,Planting 6,Late,39,2025-04-14,2025-06-09,32,39,0
FA052,Planting 1,Early,NA,2023-09-08,2023-11-10,63,Inf,1
FA052,Planting 4,Early,45,2024-09-17,2024-11-22,38,45,0
FA056,Planting 2,Normal,65,2023-12-06,2024-02-16,58,65,0
FA056,Planting 3,Late,49,2024-03-15,2024-05-02,42,49,0
FA056,Planting 5,Normal,59,2024-12-03,2025-02-21,52,59,0
FA056,Planting 6,Late,NA,2025-04-14,2025-06-09,56,Inf,1
FA056,Planting 1,Early,70,2023-09-08,2023-11-10,63,70,0
FA056,Planting 4,Early,NA,2024-09-17,2024-11-22,63,Inf,1
FA057,Planting 2,Normal,NA,2023-12-06,2024-02-16,70,Inf,1
FA057,Planting 3,Late,NA,2024-03-15,2024-05-02,42,Inf,1
FA057,Planting 5,Normal,38,2024-12-03,2025-02-21,31,38,0
FA057,Planting 6,Late,NA,2025-04-14,2025-06-09,56,Inf,1
FA057,Planting 1,Early,52,2023-09-08,2023-11-10,45,52,0
FA057,Planting 4,Early,38,2024-09-17,2024-11-22,31,38,0
FA058,Planting 2,Normal,72,2023-12-06,2024-02-16,65,72,0
FA058,Planting 3,Late,49,2024-03-15,2024-05-02,42,49,0
FA058,Planting 5,Normal,66,2024-12-03,2025-02-21,59,66,0
FA058,Planting 6,Late,53,2025-04-14,2025-06-09,46,53,0
FA058,Planting 1,Early,59,2023-09-08,2023-11-10,52,59,0
FA058,Planting 4,Early,57,2024-09-17,2024-11-22,50,57,0
FA061,Planting 2,Normal,51,2023-12-06,2024-02-16,44,51,0
FA061,Planting 3,Late,21,2024-03-15,2024-05-02,14,21,0
FA061,Planting 5,Normal,59,2024-12-03,2025-02-21,52,59,0
FA061,Planting 6,Late,39,2025-04-14,2025-06-09,32,39,0
FA061,Planting 1,Early,52,2023-09-08,2023-11-10,45,52,0
FA061,Planting 4,Early,45,2024-09-17,2024-11-22,38,45,0
FA063,Planting 2,Normal,58,2023-12-06,2024-02-16,51,58,0
FA063,Planting 3,Late,21,2024-03-15,2024-05-02,14,21,0
FA063,Planting 5,Normal,52,2024-12-03,2025-02-21,45,52,0
FA063,Planting 6,Late,39,2025-04-14,2025-06-09,32,39,0
FA063,Planting 1,Early,52,2023-09-08,2023-11-10,45,52,0
FA063,Planting 4,Early,57,2024-09-17,2024-11-22,50,57,0
FA064,Planting 2,Normal,65,2023-12-06,2024-02-16,58,65,0
FA064,Planting 3,Late,28,2024-03-15,2024-05-02,21,28,0
FA064,Planting 5,Normal,52,2024-12-03,2025-02-21,45,52,0
FA064,Planting 6,Late,32,2025-04-14,2025-06-09,25,32,0
FA064,Planting 1,Early,45,2023-09-08,2023-11-10,38,45,0
FA064,Planting 4,Early,52,2024-09-17,2024-11-22,45,52,0
FA066,Planting 2,Normal,51,2023-12-06,2024-02-16,44,51,0
FA066,Planting 3,Late,14,2024-03-15,2024-05-02,7,14,0
FA066,Planting 5,Normal,45,2024-12-03,2025-02-21,38,45,0
FA066,Planting 6,Late,32,2025-04-14,2025-06-09,25,32,0
FA066,Planting 1,Early,45,2023-09-08,2023-11-10,38,45,0
FA066,Planting 4,Early,45,2024-09-17,2024-11-22,38,45,0
FA068,Planting 2,Normal,51,2023-12-06,2024-02-16,44,51,0
FA068,Planting 3,Late,NA,2024-03-15,2024-05-02,42,Inf,1
FA068,Planting 5,Normal,45,2024-12-03,2025-02-21,38,45,0
FA068,Planting 6,Late,39,2025-04-14,2025-06-09,32,39,0
FA068,Planting 1,Early,52,2023-09-08,2023-11-10,45,52,0
FA068,Planting 4,Early,45,2024-09-17,2024-11-22,38,45,0
FA072,Planting 2,Normal,51,2023-12-06,2024-02-16,44,51,0
FA072,Planting 3,Late,42,2024-03-15,2024-05-02,35,42,0
FA072,Planting 5,Normal,78,2024-12-03,2025-02-21,71,78,0
FA072,Planting 6,Late,53,2025-04-14,2025-06-09,46,53,0
FA072,Planting 1,Early,70,2023-09-08,2023-11-10,63,70,0
FA072,Planting 4,Early,64,2024-09-17,2024-11-22,57,64,0
FA073,Planting 2,Normal,58,2023-12-06,2024-02-16,51,58,0
FA073,Planting 3,Late,35,2024-03-15,2024-05-02,28,35,0
FA073,Planting 5,Normal,59,2024-12-03,2025-02-21,52,59,0
FA073,Planting 6,Late,46,2025-04-14,2025-06-09,39,46,0
FA073,Planting 1,Early,59,2023-09-08,2023-11-10,52,59,0
FA073,Planting 4,Early,52,2024-09-17,2024-11-22,45,52,0
FA074,Planting 2,Normal,79,2023-12-06,2024-02-16,72,79,0
FA074,Planting 3,Late,55,2024-03-15,2024-05-02,48,55,0
FA074,Planting 5,Normal,45,2024-12-03,2025-02-21,38,45,0
FA074,Planting 6,Late,60,2025-04-14,2025-06-09,53,60,0
FA074,Planting 1,Early,70,2023-09-08,2023-11-10,63,70,0
FA074,Planting 4,Early,64,2024-09-17,2024-11-22,57,64,0
FA076,Planting 2,Normal,51,2023-12-06,2024-02-16,44,51,0
FA076,Planting 3,Late,49,2024-03-15,2024-05-02,42,49,0
FA076,Planting 5,Normal,66,2024-12-03,2025-02-21,59,66,0
FA076,Planting 6,Late,NA,2025-04-14,2025-06-09,56,Inf,1
FA076,Planting 1,Early,70,2023-09-08,2023-11-10,63,70,0
FA076,Planting 4,Early,64,2024-09-17,2024-11-22,57,64,0
FA081,Planting 2,Normal,72,2023-12-06,2024-02-16,65,72,0
FA081,Planting 3,Late,49,2024-03-15,2024-05-02,42,49,0
FA081,Planting 5,Normal,59,2024-12-03,2025-02-21,52,59,0
FA081,Planting 6,Late,46,2025-04-14,2025-06-09,39,46,0
FA081,Planting 1,Early,52,2023-09-08,2023-11-10,45,52,0
FA081,Planting 4,Early,45,2024-09-17,2024-11-22,38,45,0
FA086,Planting 2,Normal,58,2023-12-06,2024-02-16,51,58,0
FA086,Planting 3,Late,35,2024-03-15,2024-05-02,28,35,0
FA086,Planting 5,Normal,59,2024-12-03,2025-02-21,52,59,0
FA086,Planting 6,Late,NA,2025-04-14,2025-06-09,56,Inf,1
FA086,Planting 1,Early,52,2023-09-08,2023-11-10,45,52,0
FA086,Planting 4,Early,57,2024-09-17,2024-11-22,50,57,0
FA087,Planting 2,Normal,51,2023-12-06,2024-02-16,44,51,0
FA087,Planting 3,Late,35,2024-03-15,2024-05-02,28,35,0
FA087,Planting 5,Normal,59,2024-12-03,2025-02-21,52,59,0
FA087,Planting 6,Late,39,2025-04-14,2025-06-09,32,39,0
FA087,Planting 1,Early,52,2023-09-08,2023-11-10,45,52,0
FA087,Planting 4,Early,45,2024-09-17,2024-11-22,38,45,0
FA089,Planting 2,Normal,58,2023-12-06,2024-02-16,51,58,0
FA089,Planting 3,Late,42,2024-03-15,2024-05-02,35,42,0
FA089,Planting 5,Normal,66,2024-12-03,2025-02-21,59,66,0
FA089,Planting 6,Late,60,2025-04-14,2025-06-09,53,60,0
FA089,Planting 1,Early,52,2023-09-08,2023-11-10,45,52,0
FA089,Planting 4,Early,64,2024-09-17,2024-11-22,57,64,0
FA090,Planting 2,Normal,72,2023-12-06,2024-02-16,65,72,0
FA090,Planting 3,Late,55,2024-03-15,2024-05-02,48,55,0
FA090,Planting 5,Normal,45,2024-12-03,2025-02-21,38,45,0
FA090,Planting 6,Late,60,2025-04-14,2025-06-09,53,60,0
FA090,Planting 1,Early,59,2023-09-08,2023-11-10,52,59,0
FA090,Planting 4,Early,52,2024-09-17,2024-11-22,45,52,0
FA093,Planting 2,Normal,51,2023-12-06,2024-02-16,44,51,0
FA093,Planting 3,Late,21,2024-03-15,2024-05-02,14,21,0
FA093,Planting 5,Normal,45,2024-12-03,2025-02-21,38,45,0
FA093,Planting 6,Late,39,2025-04-14,2025-06-09,32,39,0
FA093,Planting 1,Early,52,2023-09-08,2023-11-10,45,52,0
FA093,Planting 4,Early,52,2024-09-17,2024-11-22,45,52,0
FA094,Planting 2,Normal,58,2023-12-06,2024-02-16,51,58,0
FA094,Planting 3,Late,28,2024-03-15,2024-05-02,21,28,0
FA094,Planting 5,Normal,59,2024-12-03,2025-02-21,52,59,0
FA094,Planting 6,Late,53,2025-04-14,2025-06-09,46,53,0
FA094,Planting 1,Early,59,2023-09-08,2023-11-10,52,59,0
FA094,Planting 4,Early,57,2024-09-17,2024-11-22,50,57,0
FA095,Planting 2,Normal,65,2023-12-06,2024-02-16,58,65,0
FA095,Planting 3,Late,55,2024-03-15,2024-05-02,48,55,0
FA095,Planting 5,Normal,73,2024-12-03,2025-02-21,66,73,0
FA095,Planting 6,Late,NA,2025-04-14,2025-06-09,56,Inf,1
FA095,Planting 1,Early,59,2023-09-08,2023-11-10,52,59,0
FA095,Planting 4,Early,57,2024-09-17,2024-11-22,50,57,0
FA096,Planting 2,Normal,65,2023-12-06,2024-02-16,58,65,0
FA096,Planting 3,Late,42,2024-03-15,2024-05-02,35,42,0
FA096,Planting 5,Normal,66,2024-12-03,2025-02-21,59,66,0
FA096,Planting 6,Late,39,2025-04-14,2025-06-09,32,39,0
FA096,Planting 1,Early,52,2023-09-08,2023-11-10,45,52,0
FA096,Planting 4,Early,52,2024-09-17,2024-11-22,45,52,0
FA097,Planting 2,Normal,65,2023-12-06,2024-02-16,58,65,0
FA097,Planting 3,Late,42,2024-03-15,2024-05-02,35,42,0
FA097,Planting 5,Normal,66,2024-12-03,2025-02-21,59,66,0
FA097,Planting 6,Late,46,2025-04-14,2025-06-09,39,46,0
FA097,Planting 1,Early,59,2023-09-08,2023-11-10,52,59,0
FA097,Planting 4,Early,57,2024-09-17,2024-11-22,50,57,0
FA099,Planting 2,Normal,51,2023-12-06,2024-02-16,44,51,0
FA099,Planting 3,Late,35,2024-03-15,2024-05-02,28,35,0
FA099,Planting 5,Normal,59,2024-12-03,2025-02-21,52,59,0
FA099,Planting 6,Late,46,2025-04-14,2025-06-09,39,46,0
FA099,Planting 1,Early,59,2023-09-08,2023-11-10,52,59,0
FA099,Planting 4,Early,57,2024-09-17,2024-11-22,50,57,0
FA100,Planting 2,Normal,51,2023-12-06,2024-02-16,44,51,0
FA100,Planting 3,Late,28,2024-03-15,2024-05-02,21,28,0
FA100,Planting 5,Normal,59,2024-12-03,2025-02-21,52,59,0
FA100,Planting 6,Late,NA,2025-04-14,2025-06-09,56,Inf,1
FA100,Planting 1,Early,NA,2023-09-08,2023-11-10,63,Inf,1
FA100,Planting 4,Early,38,2024-09-17,2024-11-22,31,38,0
FA101,Planting 2,Normal,51,2023-12-06,2024-02-16,44,51,0
FA101,Planting 3,Late,21,2024-03-15,2024-05-02,14,21,0
FA101,Planting 5,Normal,45,2024-12-03,2025-02-21,38,45,0
FA101,Planting 6,Late,39,2025-04-14,2025-06-09,32,39,0
FA101,Planting 1,Early,NA,2023-09-08,2023-11-10,63,Inf,1
FA101,Planting 4,Early,NA,2024-09-17,2024-11-22,63,Inf,1
FA102,Planting 2,Normal,43,2023-12-06,2024-02-16,36,43,0
FA102,Planting 3,Late,NA,2024-03-15,2024-05-02,42,Inf,1
FA102,Planting 5,Normal,45,2024-12-03,2025-02-21,38,45,0
FA102,Planting 6,Late,39,2025-04-14,2025-06-09,32,39,0
FA102,Planting 1,Early,52,2023-09-08,2023-11-10,45,52,0
FA102,Planting 4,Early,45,2024-09-17,2024-11-22,38,45,0
FA103,Planting 2,Normal,43,2023-12-06,2024-02-16,36,43,0
FA103,Planting 3,Late,NA,2024-03-15,2024-05-02,42,Inf,1
FA103,Planting 5,Normal,38,2024-12-03,2025-02-21,31,38,0
FA103,Planting 6,Late,25,2025-04-14,2025-06-09,18,25,0
FA103,Planting 1,Early,52,2023-09-08,2023-11-10,45,52,0
FA103,Planting 4,Early,45,2024-09-17,2024-11-22,38,45,0
FA104,Planting 2,Normal,NA,2023-12-06,2024-02-16,70,Inf,1
FA104,Planting 3,Late,NA,2024-03-15,2024-05-02,42,Inf,1
FA104,Planting 5,Normal,45,2024-12-03,2025-02-21,38,45,0
FA104,Planting 6,Late,NA,2025-04-14,2025-06-09,56,Inf,1
FA104,Planting 1,Early,52,2023-09-08,2023-11-10,45,52,0
FA104,Planting 4,Early,57,2024-09-17,2024-11-22,50,57,0
FA105,Planting 2,Normal,51,2023-12-06,2024-02-16,44,51,0
FA105,Planting 3,Late,21,2024-03-15,2024-05-02,14,21,0
FA105,Planting 5,Normal,52,2024-12-03,2025-02-21,45,52,0
FA105,Planting 6,Late,32,2025-04-14,2025-06-09,25,32,0
FA105,Planting 1,Early,NA,2023-09-08,2023-11-10,63,Inf,1
FA105,Planting 4,Early,38,2024-09-17,2024-11-22,31,38,0
FA106,Planting 2,Normal,65,2023-12-06,2024-02-16,58,65,0
FA106,Planting 3,Late,42,2024-03-15,2024-05-02,35,42,0
FA106,Planting 5,Normal,66,2024-12-03,2025-02-21,59,66,0
FA106,Planting 6,Late,60,2025-04-14,2025-06-09,53,60,0
FA106,Planting 1,Early,59,2023-09-08,2023-11-10,52,59,0
FA106,Planting 4,Early,52,2024-09-17,2024-11-22,45,52,0
FA107,Planting 2,Normal,72,2023-12-06,2024-02-16,65,72,0
FA107,Planting 3,Late,49,2024-03-15,2024-05-02,42,49,0
FA107,Planting 5,Normal,78,2024-12-03,2025-02-21,71,78,0
FA107,Planting 6,Late,60,2025-04-14,2025-06-09,53,60,0
FA107,Planting 1,Early,70,2023-09-08,2023-11-10,63,70,0
FA107,Planting 4,Early,57,2024-09-17,2024-11-22,50,57,0
FA108,Planting 2,Normal,58,2023-12-06,2024-02-16,51,58,0
FA108,Planting 3,Late,42,2024-03-15,2024-05-02,35,42,0
FA108,Planting 5,Normal,66,2024-12-03,2025-02-21,59,66,0
FA108,Planting 6,Late,46,2025-04-14,2025-06-09,39,46,0
FA108,Planting 1,Early,NA,2023-09-08,2023-11-10,63,Inf,1
FA108,Planting 4,Early,57,2024-09-17,2024-11-22,50,57,0
FA112,Planting 2,Normal,51,2023-12-06,2024-02-16,44,51,0
FA112,Planting 3,Late,14,2024-03-15,2024-05-02,7,14,0
FA112,Planting 5,Normal,45,2024-12-03,2025-02-21,38,45,0
FA112,Planting 6,Late,NA,2025-04-14,2025-06-09,56,Inf,1
FA112,Planting 1,Early,52,2023-09-08,2023-11-10,45,52,0
FA112,Planting 4,Early,45,2024-09-17,2024-11-22,38,45,0
FA113,Planting 2,Normal,43,2023-12-06,2024-02-16,36,43,0
FA113,Planting 3,Late,14,2024-03-15,2024-05-02,7,14,0
FA113,Planting 5,Normal,52,2024-12-03,2025-02-21,45,52,0
FA113,Planting 6,Late,32,2025-04-14,2025-06-09,25,32,0
FA113,Planting 1,Early,45,2023-09-08,2023-11-10,38,45,0
FA113,Planting 4,Early,NA,2024-09-17,2024-11-22,63,Inf,1
FA116,Planting 2,Normal,51,2023-12-06,2024-02-16,44,51,0
FA116,Planting 3,Late,28,2024-03-15,2024-05-02,21,28,0
FA116,Planting 5,Normal,59,2024-12-03,2025-02-21,52,59,0
FA116,Planting 6,Late,53,2025-04-14,2025-06-09,46,53,0
FA116,Planting 1,Early,59,2023-09-08,2023-11-10,52,59,0
FA116,Planting 4,Early,52,2024-09-17,2024-11-22,45,52,0
FA117,Planting 2,Normal,58,2023-12-06,2024-02-16,51,58,0
FA117,Planting 3,Late,35,2024-03-15,2024-05-02,28,35,0
FA117,Planting 5,Normal,59,2024-12-03,2025-02-21,52,59,0
FA117,Planting 6,Late,32,2025-04-14,2025-06-09,25,32,0
FA117,Planting 1,Early,59,2023-09-08,2023-11-10,52,59,0
FA117,Planting 4,Early,52,2024-09-17,2024-11-22,45,52,0
FA118,Planting 2,Normal,65,2023-12-06,2024-02-16,58,65,0
FA118,Planting 3,Late,42,2024-03-15,2024-05-02,35,42,0
FA118,Planting 5,Normal,66,2024-12-03,2025-02-21,59,66,0
FA118,Planting 6,Late,46,2025-04-14,2025-06-09,39,46,0
FA118,Planting 1,Early,59,2023-09-08,2023-11-10,52,59,0
FA118,Planting 4,Early,52,2024-09-17,2024-11-22,45,52,0
FA119,Planting 2,Normal,58,2023-12-06,2024-02-16,51,58,0
FA119,Planting 3,Late,28,2024-03-15,2024-05-02,21,28,0
FA119,Planting 5,Normal,66,2024-12-03,2025-02-21,59,66,0
FA119,Planting 6,Late,39,2025-04-14,2025-06-09,32,39,0
FA119,Planting 1,Early,59,2023-09-08,2023-11-10,52,59,0
FA119,Planting 4,Early,NA,2024-09-17,2024-11-22,63,Inf,1
FA120,Planting 2,Normal,65,2023-12-06,2024-02-16,58,65,0
FA120,Planting 3,Late,49,2024-03-15,2024-05-02,42,49,0
FA120,Planting 5,Normal,66,2024-12-03,2025-02-21,59,66,0
FA120,Planting 6,Late,53,2025-04-14,2025-06-09,46,53,0
FA120,Planting 1,Early,59,2023-09-08,2023-11-10,52,59,0
FA120,Planting 4,Early,52,2024-09-17,2024-11-22,45,52,0
FA121,Planting 2,Normal,65,2023-12-06,2024-02-16,58,65,0
FA121,Planting 3,Late,35,2024-03-15,2024-05-02,28,35,0
FA121,Planting 5,Normal,59,2024-12-03,2025-02-21,52,59,0
FA121,Planting 6,Late,53,2025-04-14,2025-06-09,46,53,0
FA121,Planting 1,Early,59,2023-09-08,2023-11-10,52,59,0
FA121,Planting 4,Early,64,2024-09-17,2024-11-22,57,64,0
FA122,Planting 2,Normal,58,2023-12-06,2024-02-16,51,58,0
FA122,Planting 3,Late,35,2024-03-15,2024-05-02,28,35,0
FA122,Planting 5,Normal,66,2024-12-03,2025-02-21,59,66,0
FA122,Planting 6,Late,39,2025-04-14,2025-06-09,32,39,0
FA122,Planting 1,Early,45,2023-09-08,2023-11-10,38,45,0
FA122,Planting 4,Early,38,2024-09-17,2024-11-22,31,38,0
FA125,Planting 2,Normal,NA,2023-12-06,2024-02-16,70,Inf,1
FA125,Planting 3,Late,NA,2024-03-15,2024-05-02,42,Inf,1
FA125,Planting 5,Normal,21,2024-12-03,2025-02-21,14,21,0
FA125,Planting 6,Late,39,2025-04-14,2025-06-09,32,39,0
FA125,Planting 1,Early,NA,2023-09-08,2023-11-10,63,Inf,1
FA125,Planting 4,Early,NA,2024-09-17,2024-11-22,63,Inf,1
FA126,Planting 2,Normal,51,2023-12-06,2024-02-16,44,51,0
FA126,Planting 3,Late,14,2024-03-15,2024-05-02,7,14,0
FA126,Planting 5,Normal,59,2024-12-03,2025-02-21,52,59,0
FA126,Planting 6,Late,39,2025-04-14,2025-06-09,32,39,0
FA126,Planting 1,Early,38,2023-09-08,2023-11-10,31,38,0
FA126,Planting 4,Early,38,2024-09-17,2024-11-22,31,38,0
FA127,Planting 2,Normal,65,2023-12-06,2024-02-16,58,65,0
FA127,Planting 3,Late,55,2024-03-15,2024-05-02,48,55,0
FA127,Planting 5,Normal,66,2024-12-03,2025-02-21,59,66,0
FA127,Planting 6,Late,60,2025-04-14,2025-06-09,53,60,0
FA127,Planting 1,Early,59,2023-09-08,2023-11-10,52,59,0
FA127,Planting 4,Early,64,2024-09-17,2024-11-22,57,64,0
FA128,Planting 2,Normal,58,2023-12-06,2024-02-16,51,58,0
FA128,Planting 3,Late,42,2024-03-15,2024-05-02,35,42,0
FA128,Planting 5,Normal,66,2024-12-03,2025-02-21,59,66,0
FA128,Planting 6,Late,60,2025-04-14,2025-06-09,53,60,0
FA128,Planting 1,Early,59,2023-09-08,2023-11-10,52,59,0
FA128,Planting 4,Early,64,2024-09-17,2024-11-22,57,64,0
FA133,Planting 2,Normal,72,2023-12-06,2024-02-16,65,72,0
FA133,Planting 3,Late,49,2024-03-15,2024-05-02,42,49,0
FA133,Planting 5,Normal,73,2024-12-03,2025-02-21,66,73,0
FA133,Planting 6,Late,60,2025-04-14,2025-06-09,53,60,0
FA133,Planting 1,Early,59,2023-09-08,2023-11-10,52,59,0
FA133,Planting 4,Early,64,2024-09-17,2024-11-22,57,64,0
FA138,Planting 2,Normal,51,2023-12-06,2024-02-16,44,51,0
FA138,Planting 3,Late,49,2024-03-15,2024-05-02,42,49,0
FA138,Planting 5,Normal,NA,2024-12-03,2025-02-21,77,Inf,1
FA138,Planting 6,Late,60,2025-04-14,2025-06-09,53,60,0
FA138,Planting 1,Early,52,2023-09-08,2023-11-10,45,52,0
FA138,Planting 4,Early,57,2024-09-17,2024-11-22,50,57,0
FA139,Planting 2,Normal,51,2023-12-06,2024-02-16,44,51,0
FA139,Planting 3,Late,NA,2024-03-15,2024-05-02,42,Inf,1
FA139,Planting 5,Normal,52,2024-12-03,2025-02-21,45,52,0
FA139,Planting 6,Late,32,2025-04-14,2025-06-09,25,32,0
FA139,Planting 1,Early,45,2023-09-08,2023-11-10,38,45,0
FA139,Planting 4,Early,45,2024-09-17,2024-11-22,38,45,0
FA142,Planting 2,Normal,65,2023-12-06,2024-02-16,58,65,0
FA142,Planting 3,Late,42,2024-03-15,2024-05-02,35,42,0
FA142,Planting 5,Normal,66,2024-12-03,2025-02-21,59,66,0
FA142,Planting 6,Late,46,2025-04-14,2025-06-09,39,46,0
FA142,Planting 1,Early,59,2023-09-08,2023-11-10,52,59,0
FA142,Planting 4,Early,57,2024-09-17,2024-11-22,50,57,0
FA144,Planting 2,Normal,51,2023-12-06,2024-02-16,44,51,0
FA144,Planting 3,Late,49,2024-03-15,2024-05-02,42,49,0
FA144,Planting 5,Normal,45,2024-12-03,2025-02-21,38,45,0
FA144,Planting 6,Late,46,2025-04-14,2025-06-09,39,46,0
FA144,Planting 1,Early,52,2023-09-08,2023-11-10,45,52,0
FA144,Planting 4,Early,NA,2024-09-17,2024-11-22,63,Inf,1
FA146,Planting 2,Normal,58,2023-12-06,2024-02-16,51,58,0
FA146,Planting 3,Late,42,2024-03-15,2024-05-02,35,42,0
FA146,Planting 5,Normal,59,2024-12-03,2025-02-21,52,59,0
FA146,Planting 6,Late,39,2025-04-14,2025-06-09,32,39,0
FA146,Planting 1,Early,59,2023-09-08,2023-11-10,52,59,0
FA146,Planting 4,Early,45,2024-09-17,2024-11-22,38,45,0
FA147,Planting 2,Normal,72,2023-12-06,2024-02-16,65,72,0
FA147,Planting 3,Late,55,2024-03-15,2024-05-02,48,55,0
FA147,Planting 5,Normal,59,2024-12-03,2025-02-21,52,59,0
FA147,Planting 6,Late,39,2025-04-14,2025-06-09,32,39,0
FA147,Planting 1,Early,45,2023-09-08,2023-11-10,38,45,0
FA147,Planting 4,Early,52,2024-09-17,2024-11-22,45,52,0
FA148,Planting 2,Normal,65,2023-12-06,2024-02-16,58,65,0
FA148,Planting 3,Late,49,2024-03-15,2024-05-02,42,49,0
FA148,Planting 5,Normal,59,2024-12-03,2025-02-21,52,59,0
FA148,Planting 6,Late,NA,2025-04-14,2025-06-09,56,Inf,1
FA148,Planting 1,Early,NA,2023-09-08,2023-11-10,63,Inf,1
FA148,Planting 4,Early,64,2024-09-17,2024-11-22,57,64,0
FA151,Planting 2,Normal,65,2023-12-06,2024-02-16,58,65,0
FA151,Planting 3,Late,55,2024-03-15,2024-05-02,48,55,0
FA151,Planting 5,Normal,66,2024-12-03,2025-02-21,59,66,0
FA151,Planting 6,Late,60,2025-04-14,2025-06-09,53,60,0
FA151,Planting 1,Early,59,2023-09-08,2023-11-10,52,59,0
FA151,Planting 4,Early,57,2024-09-17,2024-11-22,50,57,0
FA152,Planting 2,Normal,NA,2023-12-06,2024-02-16,70,Inf,1
FA152,Planting 3,Late,NA,2024-03-15,2024-05-02,42,Inf,1
FA152,Planting 5,Normal,38,2024-12-03,2025-02-21,31,38,0
FA152,Planting 6,Late,32,2025-04-14,2025-06-09,25,32,0
FA152,Planting 1,Early,NA,2023-09-08,2023-11-10,63,Inf,1
FA152,Planting 4,Early,38,2024-09-17,2024-11-22,31,38,0
FA153,Planting 2,Normal,65,2023-12-06,2024-02-16,58,65,0
FA153,Planting 3,Late,49,2024-03-15,2024-05-02,42,49,0
FA153,Planting 5,Normal,NA,2024-12-03,2025-02-21,77,Inf,1
FA153,Planting 6,Late,NA,2025-04-14,2025-06-09,56,Inf,1
FA153,Planting 1,Early,59,2023-09-08,2023-11-10,52,59,0
FA153,Planting 4,Early,52,2024-09-17,2024-11-22,45,52,0
FA154,Planting 2,Normal,43,2023-12-06,2024-02-16,36,43,0
FA154,Planting 3,Late,NA,2024-03-15,2024-05-02,42,Inf,1
FA154,Planting 5,Normal,59,2024-12-03,2025-02-21,52,59,0
FA154,Planting 6,Late,39,2025-04-14,2025-06-09,32,39,0
FA154,Planting 1,Early,52,2023-09-08,2023-11-10,45,52,0
FA154,Planting 4,Early,45,2024-09-17,2024-11-22,38,45,0
FA155,Planting 2,Normal,65,2023-12-06,2024-02-16,58,65,0
FA155,Planting 3,Late,42,2024-03-15,2024-05-02,35,42,0
FA155,Planting 5,Normal,73,2024-12-03,2025-02-21,66,73,0
FA155,Planting 6,Late,46,2025-04-14,2025-06-09,39,46,0
FA155,Planting 1,Early,52,2023-09-08,2023-11-10,45,52,0
FA155,Planting 4,Early,NA,2024-09-17,2024-11-22,63,Inf,1
FA157,Planting 2,Normal,51,2023-12-06,2024-02-16,44,51,0
FA157,Planting 3,Late,35,2024-03-15,2024-05-02,28,35,0
FA157,Planting 5,Normal,52,2024-12-03,2025-02-21,45,52,0
FA157,Planting 6,Late,NA,2025-04-14,2025-06-09,56,Inf,1
FA157,Planting 1,Early,52,2023-09-08,2023-11-10,45,52,0
FA157,Planting 4,Early,64,2024-09-17,2024-11-22,57,64,0
FA159,Planting 2,Normal,58,2023-12-06,2024-02-16,51,58,0
FA159,Planting 3,Late,28,2024-03-15,2024-05-02,21,28,0
FA159,Planting 5,Normal,66,2024-12-03,2025-02-21,59,66,0
FA159,Planting 6,Late,46,2025-04-14,2025-06-09,39,46,0
FA159,Planting 1,Early,52,2023-09-08,2023-11-10,45,52,0
FA159,Planting 4,Early,64,2024-09-17,2024-11-22,57,64,0
FA160,Planting 2,Normal,51,2023-12-06,2024-02-16,44,51,0
FA160,Planting 3,Late,21,2024-03-15,2024-05-02,14,21,0
FA160,Planting 5,Normal,45,2024-12-03,2025-02-21,38,45,0
FA160,Planting 6,Late,32,2025-04-14,2025-06-09,25,32,0
FA160,Planting 1,Early,52,2023-09-08,2023-11-10,45,52,0
FA160,Planting 4,Early,45,2024-09-17,2024-11-22,38,45,0
FA161,Planting 2,Normal,51,2023-12-06,2024-02-16,44,51,0
FA161,Planting 3,Late,14,2024-03-15,2024-05-02,7,14,0
FA161,Planting 5,Normal,45,2024-12-03,2025-02-21,38,45,0
FA161,Planting 6,Late,46,2025-04-14,2025-06-09,39,46,0
FA161,Planting 1,Early,59,2023-09-08,2023-11-10,52,59,0
FA161,Planting 4,Early,57,2024-09-17,2024-11-22,50,57,0
FA162,Planting 2,Normal,51,2023-12-06,2024-02-16,44,51,0
FA162,Planting 3,Late,28,2024-03-15,2024-05-02,21,28,0
FA162,Planting 5,Normal,59,2024-12-03,2025-02-21,52,59,0
FA162,Planting 6,Late,39,2025-04-14,2025-06-09,32,39,0
FA162,Planting 1,Early,52,2023-09-08,2023-11-10,45,52,0
FA162,Planting 4,Early,45,2024-09-17,2024-11-22,38,45,0
FA163,Planting 2,Normal,51,2023-12-06,2024-02-16,44,51,0
FA163,Planting 3,Late,21,2024-03-15,2024-05-02,14,21,0
FA163,Planting 5,Normal,45,2024-12-03,2025-02-21,38,45,0
FA163,Planting 6,Late,46,2025-04-14,2025-06-09,39,46,0
FA163,Planting 1,Early,52,2023-09-08,2023-11-10,45,52,0
FA163,Planting 4,Early,45,2024-09-17,2024-11-22,38,45,0
FA164,Planting 2,Normal,43,2023-12-06,2024-02-16,36,43,0
FA164,Planting 3,Late,42,2024-03-15,2024-05-02,35,42,0
FA164,Planting 5,Normal,38,2024-12-03,2025-02-21,31,38,0
FA164,Planting 6,Late,39,2025-04-14,2025-06-09,32,39,0
FA164,Planting 1,Early,45,2023-09-08,2023-11-10,38,45,0
FA164,Planting 4,Early,NA,2024-09-17,2024-11-22,63,Inf,1
FA176,Planting 2,Normal,65,2023-12-06,2024-02-16,58,65,0
FA176,Planting 3,Late,49,2024-03-15,2024-05-02,42,49,0
FA176,Planting 5,Normal,59,2024-12-03,2025-02-21,52,59,0
FA176,Planting 6,Late,60,2025-04-14,2025-06-09,53,60,0
FA176,Planting 1,Early,59,2023-09-08,2023-11-10,52,59,0
FA176,Planting 4,Early,57,2024-09-17,2024-11-22,50,57,0
FA179,Planting 2,Normal,51,2023-12-06,2024-02-16,44,51,0
FA179,Planting 3,Late,14,2024-03-15,2024-05-02,7,14,0
FA179,Planting 5,Normal,59,2024-12-03,2025-02-21,52,59,0
FA179,Planting 6,Late,39,2025-04-14,2025-06-09,32,39,0
FA179,Planting 1,Early,52,2023-09-08,2023-11-10,45,52,0
FA179,Planting 4,Early,45,2024-09-17,2024-11-22,38,45,0
FA181,Planting 2,Normal,51,2023-12-06,2024-02-16,44,51,0
FA181,Planting 3,Late,42,2024-03-15,2024-05-02,35,42,0
FA181,Planting 5,Normal,66,2024-12-03,2025-02-21,59,66,0
FA181,Planting 6,Late,60,2025-04-14,2025-06-09,53,60,0
FA181,Planting 1,Early,59,2023-09-08,2023-11-10,52,59,0
FA181,Planting 4,Early,64,2024-09-17,2024-11-22,57,64,0
FA182,Planting 2,Normal,58,2023-12-06,2024-02-16,51,58,0
FA182,Planting 3,Late,14,2024-03-15,2024-05-02,7,14,0
FA182,Planting 5,Normal,59,2024-12-03,2025-02-21,52,59,0
FA182,Planting 6,Late,60,2025-04-14,2025-06-09,53,60,0
FA182,Planting 1,Early,59,2023-09-08,2023-11-10,52,59,0
FA182,Planting 4,Early,52,2024-09-17,2024-11-22,45,52,0
FA187,Planting 2,Normal,NA,2023-12-06,2024-02-16,70,Inf,1
FA187,Planting 3,Late,28,2024-03-15,2024-05-02,21,28,0
FA187,Planting 5,Normal,66,2024-12-03,2025-02-21,59,66,0
FA187,Planting 6,Late,NA,2025-04-14,2025-06-09,56,Inf,1
FA187,Planting 1,Early,52,2023-09-08,2023-11-10,45,52,0
FA187,Planting 4,Early,57,2024-09-17,2024-11-22,50,57,0
FA191,Planting 2,Normal,58,2023-12-06,2024-02-16,51,58,0
FA191,Planting 3,Late,14,2024-03-15,2024-05-02,7,14,0
FA191,Planting 5,Normal,52,2024-12-03,2025-02-21,45,52,0
FA191,Planting 6,Late,46,2025-04-14,2025-06-09,39,46,0
FA191,Planting 1,Early,52,2023-09-08,2023-11-10,45,52,0
FA191,Planting 4,Early,52,2024-09-17,2024-11-22,45,52,0
FA197,Planting 2,Normal,72,2023-12-06,2024-02-16,65,72,0
FA197,Planting 3,Late,49,2024-03-15,2024-05-02,42,49,0
FA197,Planting 5,Normal,66,2024-12-03,2025-02-21,59,66,0
FA197,Planting 6,Late,53,2025-04-14,2025-06-09,46,53,0
FA197,Planting 1,Early,52,2023-09-08,2023-11-10,45,52,0
FA197,Planting 4,Early,57,2024-09-17,2024-11-22,50,57,0
FA198,Planting 2,Normal,58,2023-12-06,2024-02-16,51,58,0
FA198,Planting 3,Late,42,2024-03-15,2024-05-02,35,42,0
FA198,Planting 5,Normal,66,2024-12-03,2025-02-21,59,66,0
FA198,Planting 6,Late,NA,2025-04-14,2025-06-09,56,Inf,1
FA198,Planting 1,Early,45,2023-09-08,2023-11-10,38,45,0
FA198,Planting 4,Early,64,2024-09-17,2024-11-22,57,64,0
FA199,Planting 2,Normal,51,2023-12-06,2024-02-16,44,51,0
FA199,Planting 3,Late,28,2024-03-15,2024-05-02,21,28,0
FA199,Planting 5,Normal,66,2024-12-03,2025-02-21,59,66,0
FA199,Planting 6,Late,NA,2025-04-14,2025-06-09,56,Inf,1
FA199,Planting 1,Early,52,2023-09-08,2023-11-10,45,52,0
FA199,Planting 4,Early,NA,2024-09-17,2024-11-22,63,Inf,1
FA200,Planting 2,Normal,65,2023-12-06,2024-02-16,58,65,0
FA200,Planting 3,Late,42,2024-03-15,2024-05-02,35,42,0
FA200,Planting 5,Normal,78,2024-12-03,2025-02-21,71,78,0
FA200,Planting 6,Late,46,2025-04-14,2025-06-09,39,46,0
FA200,Planting 1,Early,59,2023-09-08,2023-11-10,52,59,0
FA200,Planting 4,Early,57,2024-09-17,2024-11-22,50,57,0
FA201,Planting 2,Normal,51,2023-12-06,2024-02-16,44,51,0
FA201,Planting 3,Late,14,2024-03-15,2024-05-02,7,14,0
FA201,Planting 5,Normal,NA,2024-12-03,2025-02-21,77,Inf,1
FA201,Planting 6,Late,46,2025-04-14,2025-06-09,39,46,0
FA201,Planting 1,Early,59,2023-09-08,2023-11-10,52,59,0
FA201,Planting 4,Early,57,2024-09-17,2024-11-22,50,57,0
FA202,Planting 2,Normal,58,2023-12-06,2024-02-16,51,58,0
FA202,Planting 3,Late,42,2024-03-15,2024-05-02,35,42,0
FA202,Planting 5,Normal,59,2024-12-03,2025-02-21,52,59,0
FA202,Planting 6,Late,46,2025-04-14,2025-06-09,39,46,0
FA202,Planting 1,Early,52,2023-09-08,2023-11-10,45,52,0
FA202,Planting 4,Early,57,2024-09-17,2024-11-22,50,57,0
FA203,Planting 2,Normal,58,2023-12-06,2024-02-16,51,58,0
FA203,Planting 3,Late,21,2024-03-15,2024-05-02,14,21,0
FA203,Planting 5,Normal,59,2024-12-03,2025-02-21,52,59,0
FA203,Planting 6,Late,39,2025-04-14,2025-06-09,32,39,0
FA203,Planting 1,Early,52,2023-09-08,2023-11-10,45,52,0
FA203,Planting 4,Early,52,2024-09-17,2024-11-22,45,52,0
FA206,Planting 2,Normal,43,2023-12-06,2024-02-16,36,43,0
FA206,Planting 3,Late,NA,2024-03-15,2024-05-02,42,Inf,1
FA206,Planting 5,Normal,52,2024-12-03,2025-02-21,45,52,0
FA206,Planting 6,Late,NA,2025-04-14,2025-06-09,56,Inf,1
FA206,Planting 1,Early,NA,2023-09-08,2023-11-10,63,Inf,1
FA206,Planting 4,Early,NA,2024-09-17,2024-11-22,63,Inf,1
FA209,Planting 2,Normal,58,2023-12-06,2024-02-16,51,58,0
FA209,Planting 3,Late,49,2024-03-15,2024-05-02,42,49,0
FA209,Planting 5,Normal,52,2024-12-03,2025-02-21,45,52,0
FA209,Planting 6,Late,39,2025-04-14,2025-06-09,32,39,0
FA209,Planting 1,Early,45,2023-09-08,2023-11-10,38,45,0
FA209,Planting 4,Early,38,2024-09-17,2024-11-22,31,38,0
FA215,Planting 2,Normal,65,2023-12-06,2024-02-16,58,65,0
FA215,Planting 3,Late,49,2024-03-15,2024-05-02,42,49,0
FA215,Planting 5,Normal,66,2024-12-03,2025-02-21,59,66,0
FA215,Planting 6,Late,60,2025-04-14,2025-06-09,53,60,0
FA215,Planting 1,Early,59,2023-09-08,2023-11-10,52,59,0
FA215,Planting 4,Early,57,2024-09-17,2024-11-22,50,57,0
FA216,Planting 2,Normal,72,2023-12-06,2024-02-16,65,72,0
FA216,Planting 3,Late,42,2024-03-15,2024-05-02,35,42,0
FA216,Planting 5,Normal,66,2024-12-03,2025-02-21,59,66,0
FA216,Planting 6,Late,60,2025-04-14,2025-06-09,53,60,0
FA216,Planting 1,Early,59,2023-09-08,2023-11-10,52,59,0
FA216,Planting 4,Early,64,2024-09-17,2024-11-22,57,64,0
FA217,Planting 2,Normal,58,2023-12-06,2024-02-16,51,58,0
FA217,Planting 3,Late,42,2024-03-15,2024-05-02,35,42,0
FA217,Planting 5,Normal,66,2024-12-03,2025-02-21,59,66,0
FA217,Planting 6,Late,39,2025-04-14,2025-06-09,32,39,0
FA217,Planting 1,Early,52,2023-09-08,2023-11-10,45,52,0
FA217,Planting 4,Early,52,2024-09-17,2024-11-22,45,52,0
FA220,Planting 2,Normal,58,2023-12-06,2024-02-16,51,58,0
FA220,Planting 3,Late,42,2024-03-15,2024-05-02,35,42,0
FA220,Planting 5,Normal,66,2024-12-03,2025-02-21,59,66,0
FA220,Planting 6,Late,60,2025-04-14,2025-06-09,53,60,0
FA220,Planting 1,Early,45,2023-09-08,2023-11-10,38,45,0
FA220,Planting 4,Early,NA,2024-09-17,2024-11-22,63,Inf,1
FA221,Planting 2,Normal,79,2023-12-06,2024-02-16,72,79,0
FA221,Planting 3,Late,49,2024-03-15,2024-05-02,42,49,0
FA221,Planting 5,Normal,66,2024-12-03,2025-02-21,59,66,0
FA221,Planting 6,Late,60,2025-04-14,2025-06-09,53,60,0
FA221,Planting 1,Early,59,2023-09-08,2023-11-10,52,59,0
FA221,Planting 4,Early,57,2024-09-17,2024-11-22,50,57,0
FA223,Planting 2,Normal,58,2023-12-06,2024-02-16,51,58,0
FA223,Planting 3,Late,42,2024-03-15,2024-05-02,35,42,0
FA223,Planting 5,Normal,59,2024-12-03,2025-02-21,52,59,0
FA223,Planting 6,Late,39,2025-04-14,2025-06-09,32,39,0
FA223,Planting 1,Early,52,2023-09-08,2023-11-10,45,52,0
FA223,Planting 4,Early,45,2024-09-17,2024-11-22,38,45,0
FA225,Planting 2,Normal,58,2023-12-06,2024-02-16,51,58,0
FA225,Planting 3,Late,42,2024-03-15,2024-05-02,35,42,0
FA225,Planting 5,Normal,59,2024-12-03,2025-02-21,52,59,0
FA225,Planting 6,Late,46,2025-04-14,2025-06-09,39,46,0
FA225,Planting 1,Early,52,2023-09-08,2023-11-10,45,52,0
FA225,Planting 4,Early,38,2024-09-17,2024-11-22,31,38,0
FA227,Planting 2,Normal,79,2023-12-06,2024-02-16,72,79,0
FA227,Planting 3,Late,55,2024-03-15,2024-05-02,48,55,0
FA227,Planting 5,Normal,78,2024-12-03,2025-02-21,71,78,0
FA227,Planting 6,Late,60,2025-04-14,2025-06-09,53,60,0
FA227,Planting 1,Early,59,2023-09-08,2023-11-10,52,59,0
FA227,Planting 4,Early,64,2024-09-17,2024-11-22,57,64,0
FA232,Planting 2,Normal,65,2023-12-06,2024-02-16,58,65,0
FA232,Planting 3,Late,49,2024-03-15,2024-05-02,42,49,0
FA232,Planting 5,Normal,73,2024-12-03,2025-02-21,66,73,0
FA232,Planting 6,Late,60,2025-04-14,2025-06-09,53,60,0
FA232,Planting 1,Early,52,2023-09-08,2023-11-10,45,52,0
FA232,Planting 4,Early,52,2024-09-17,2024-11-22,45,52,0
FA234,Planting 2,Normal,65,2023-12-06,2024-02-16,58,65,0
FA234,Planting 3,Late,28,2024-03-15,2024-05-02,21,28,0
FA234,Planting 5,Normal,59,2024-12-03,2025-02-21,52,59,0
FA234,Planting 6,Late,60,2025-04-14,2025-06-09,53,60,0
FA234,Planting 1,Early,59,2023-09-08,2023-11-10,52,59,0
FA234,Planting 4,Early,52,2024-09-17,2024-11-22,45,52,0
FA236,Planting 2,Normal,43,2023-12-06,2024-02-16,36,43,0
FA236,Planting 3,Late,14,2024-03-15,2024-05-02,7,14,0
FA236,Planting 5,Normal,45,2024-12-03,2025-02-21,38,45,0
FA236,Planting 6,Late,46,2025-04-14,2025-06-09,39,46,0
FA236,Planting 1,Early,52,2023-09-08,2023-11-10,45,52,0
FA236,Planting 4,Early,NA,2024-09-17,2024-11-22,63,Inf,1
FA238,Planting 2,Normal,65,2023-12-06,2024-02-16,58,65,0
FA238,Planting 3,Late,49,2024-03-15,2024-05-02,42,49,0
FA238,Planting 5,Normal,59,2024-12-03,2025-02-21,52,59,0
FA238,Planting 6,Late,53,2025-04-14,2025-06-09,46,53,0
FA238,Planting 1,Early,59,2023-09-08,2023-11-10,52,59,0
FA238,Planting 4,Early,57,2024-09-17,2024-11-22,50,57,0
FA241,Planting 2,Normal,51,2023-12-06,2024-02-16,44,51,0
FA241,Planting 3,Late,35,2024-03-15,2024-05-02,28,35,0
FA241,Planting 5,Normal,59,2024-12-03,2025-02-21,52,59,0
FA241,Planting 6,Late,39,2025-04-14,2025-06-09,32,39,0
FA241,Planting 1,Early,52,2023-09-08,2023-11-10,45,52,0
FA241,Planting 4,Early,57,2024-09-17,2024-11-22,50,57,0
FA242,Planting 2,Normal,58,2023-12-06,2024-02-16,51,58,0
FA242,Planting 3,Late,21,2024-03-15,2024-05-02,14,21,0
FA242,Planting 5,Normal,59,2024-12-03,2025-02-21,52,59,0
FA242,Planting 6,Late,NA,2025-04-14,2025-06-09,56,Inf,1
FA242,Planting 1,Early,52,2023-09-08,2023-11-10,45,52,0
FA242,Planting 4,Early,45,2024-09-17,2024-11-22,38,45,0
FA244,Planting 2,Normal,72,2023-12-06,2024-02-16,65,72,0
FA244,Planting 3,Late,49,2024-03-15,2024-05-02,42,49,0
FA244,Planting 5,Normal,73,2024-12-03,2025-02-21,66,73,0
FA244,Planting 6,Late,60,2025-04-14,2025-06-09,53,60,0
FA244,Planting 1,Early,45,2023-09-08,2023-11-10,38,45,0
FA244,Planting 4,Early,64,2024-09-17,2024-11-22,57,64,0
FA245,Planting 2,Normal,51,2023-12-06,2024-02-16,44,51,0
FA245,Planting 3,Late,35,2024-03-15,2024-05-02,28,35,0
FA245,Planting 5,Normal,59,2024-12-03,2025-02-21,52,59,0
FA245,Planting 6,Late,39,2025-04-14,2025-06-09,32,39,0
FA245,Planting 1,Early,52,2023-09-08,2023-11-10,45,52,0
FA245,Planting 4,Early,45,2024-09-17,2024-11-22,38,45,0
FA247,Planting 2,Normal,58,2023-12-06,2024-02-16,51,58,0
FA247,Planting 3,Late,42,2024-03-15,2024-05-02,35,42,0
FA247,Planting 5,Normal,66,2024-12-03,2025-02-21,59,66,0
FA247,Planting 6,Late,39,2025-04-14,2025-06-09,32,39,0
FA247,Planting 1,Early,52,2023-09-08,2023-11-10,45,52,0
FA247,Planting 4,Early,52,2024-09-17,2024-11-22,45,52,0
FA248,Planting 2,Normal,72,2023-12-06,2024-02-16,65,72,0
FA248,Planting 3,Late,49,2024-03-15,2024-05-02,42,49,0
FA248,Planting 5,Normal,73,2024-12-03,2025-02-21,66,73,0
FA248,Planting 6,Late,53,2025-04-14,2025-06-09,46,53,0
FA248,Planting 1,Early,59,2023-09-08,2023-11-10,52,59,0
FA248,Planting 4,Early,57,2024-09-17,2024-11-22,50,57,0
FA251,Planting 2,Normal,58,2023-12-06,2024-02-16,51,58,0
FA251,Planting 3,Late,35,2024-03-15,2024-05-02,28,35,0
FA251,Planting 5,Normal,59,2024-12-03,2025-02-21,52,59,0
FA251,Planting 6,Late,39,2025-04-14,2025-06-09,32,39,0
FA251,Planting 1,Early,59,2023-09-08,2023-11-10,52,59,0
FA251,Planting 4,Early,57,2024-09-17,2024-11-22,50,57,0
FA255,Planting 2,Normal,43,2023-12-06,2024-02-16,36,43,0
FA255,Planting 3,Late,NA,2024-03-15,2024-05-02,42,Inf,1
FA255,Planting 5,Normal,45,2024-12-03,2025-02-21,38,45,0
FA255,Planting 6,Late,32,2025-04-14,2025-06-09,25,32,0
FA255,Planting 1,Early,NA,2023-09-08,2023-11-10,63,Inf,1
FA255,Planting 4,Early,NA,2024-09-17,2024-11-22,63,Inf,1
FA256,Planting 2,Normal,79,2023-12-06,2024-02-16,72,79,0
FA256,Planting 3,Late,NA,2024-03-15,2024-05-02,42,Inf,1
FA256,Planting 5,Normal,45,2024-12-03,2025-02-21,38,45,0
FA256,Planting 6,Late,32,2025-04-14,2025-06-09,25,32,0
FA256,Planting 1,Early,52,2023-09-08,2023-11-10,45,52,0
FA256,Planting 4,Early,38,2024-09-17,2024-11-22,31,38,0
FA260,Planting 2,Normal,65,2023-12-06,2024-02-16,58,65,0
FA260,Planting 3,Late,42,2024-03-15,2024-05-02,35,42,0
FA260,Planting 5,Normal,59,2024-12-03,2025-02-21,52,59,0
FA260,Planting 6,Late,53,2025-04-14,2025-06-09,46,53,0
FA260,Planting 1,Early,59,2023-09-08,2023-11-10,52,59,0
FA260,Planting 4,Early,45,2024-09-17,2024-11-22,38,45,0
FA261,Planting 2,Normal,58,2023-12-06,2024-02-16,51,58,0
FA261,Planting 3,Late,42,2024-03-15,2024-05-02,35,42,0
FA261,Planting 5,Normal,59,2024-12-03,2025-02-21,52,59,0
FA261,Planting 6,Late,46,2025-04-14,2025-06-09,39,46,0
FA261,Planting 1,Early,59,2023-09-08,2023-11-10,52,59,0
FA261,Planting 4,Early,57,2024-09-17,2024-11-22,50,57,0
FA262,Planting 2,Normal,51,2023-12-06,2024-02-16,44,51,0
FA262,Planting 3,Late,21,2024-03-15,2024-05-02,14,21,0
FA262,Planting 5,Normal,59,2024-12-03,2025-02-21,52,59,0
FA262,Planting 6,Late,39,2025-04-14,2025-06-09,32,39,0
FA262,Planting 1,Early,52,2023-09-08,2023-11-10,45,52,0
FA262,Planting 4,Early,45,2024-09-17,2024-11-22,38,45,0
FA265,Planting 2,Normal,43,2023-12-06,2024-02-16,36,43,0
FA265,Planting 3,Late,21,2024-03-15,2024-05-02,14,21,0
FA265,Planting 5,Normal,45,2024-12-03,2025-02-21,38,45,0
FA265,Planting 6,Late,NA,2025-04-14,2025-06-09,56,Inf,1
FA265,Planting 1,Early,NA,2023-09-08,2023-11-10,63,Inf,1
FA265,Planting 4,Early,NA,2024-09-17,2024-11-22,63,Inf,1
FA266,Planting 2,Normal,58,2023-12-06,2024-02-16,51,58,0
FA266,Planting 3,Late,35,2024-03-15,2024-05-02,28,35,0
FA266,Planting 5,Normal,59,2024-12-03,2025-02-21,52,59,0
FA266,Planting 6,Late,39,2025-04-14,2025-06-09,32,39,0
FA266,Planting 1,Early,52,2023-09-08,2023-11-10,45,52,0
FA266,Planting 4,Early,52,2024-09-17,2024-11-22,45,52,0
FA267,Planting 2,Normal,72,2023-12-06,2024-02-16,65,72,0
FA267,Planting 3,Late,49,2024-03-15,2024-05-02,42,49,0
FA267,Planting 5,Normal,78,2024-12-03,2025-02-21,71,78,0
FA267,Planting 6,Late,53,2025-04-14,2025-06-09,46,53,0
FA267,Planting 1,Early,59,2023-09-08,2023-11-10,52,59,0
FA267,Planting 4,Early,57,2024-09-17,2024-11-22,50,57,0
FA269,Planting 2,Normal,72,2023-12-06,2024-02-16,65,72,0
FA269,Planting 3,Late,49,2024-03-15,2024-05-02,42,49,0
FA269,Planting 5,Normal,78,2024-12-03,2025-02-21,71,78,0
FA269,Planting 6,Late,NA,2025-04-14,2025-06-09,56,Inf,1
FA269,Planting 1,Early,52,2023-09-08,2023-11-10,45,52,0
FA269,Planting 4,Early,57,2024-09-17,2024-11-22,50,57,0
FA270,Planting 2,Normal,72,2023-12-06,2024-02-16,65,72,0
FA270,Planting 3,Late,49,2024-03-15,2024-05-02,42,49,0
FA270,Planting 5,Normal,66,2024-12-03,2025-02-21,59,66,0
FA270,Planting 6,Late,53,2025-04-14,2025-06-09,46,53,0
FA270,Planting 1,Early,59,2023-09-08,2023-11-10,52,59,0
FA270,Planting 4,Early,57,2024-09-17,2024-11-22,50,57,0
FA271,Planting 2,Normal,43,2023-12-06,2024-02-16,36,43,0
FA271,Planting 3,Late,35,2024-03-15,2024-05-02,28,35,0
FA271,Planting 5,Normal,52,2024-12-03,2025-02-21,45,52,0
FA271,Planting 6,Late,39,2025-04-14,2025-06-09,32,39,0
FA271,Planting 1,Early,52,2023-09-08,2023-11-10,45,52,0
FA271,Planting 4,Early,57,2024-09-17,2024-11-22,50,57,0
FA273,Planting 2,Normal,72,2023-12-06,2024-02-16,65,72,0
FA273,Planting 3,Late,49,2024-03-15,2024-05-02,42,49,0
FA273,Planting 5,Normal,78,2024-12-03,2025-02-21,71,78,0
FA273,Planting 6,Late,60,2025-04-14,2025-06-09,53,60,0
FA273,Planting 1,Early,70,2023-09-08,2023-11-10,63,70,0
FA273,Planting 4,Early,64,2024-09-17,2024-11-22,57,64,0
FA274,Planting 2,Normal,65,2023-12-06,2024-02-16,58,65,0
FA274,Planting 3,Late,42,2024-03-15,2024-05-02,35,42,0
FA274,Planting 5,Normal,59,2024-12-03,2025-02-21,52,59,0
FA274,Planting 6,Late,53,2025-04-14,2025-06-09,46,53,0
FA274,Planting 1,Early,59,2023-09-08,2023-11-10,52,59,0
FA274,Planting 4,Early,64,2024-09-17,2024-11-22,57,64,0
FA275,Planting 2,Normal,72,2023-12-06,2024-02-16,65,72,0
FA275,Planting 3,Late,42,2024-03-15,2024-05-02,35,42,0
FA275,Planting 5,Normal,73,2024-12-03,2025-02-21,66,73,0
FA275,Planting 6,Late,46,2025-04-14,2025-06-09,39,46,0
FA275,Planting 1,Early,59,2023-09-08,2023-11-10,52,59,0
FA275,Planting 4,Early,NA,2024-09-17,2024-11-22,63,Inf,1
FA276,Planting 2,Normal,65,2023-12-06,2024-02-16,58,65,0
FA276,Planting 3,Late,42,2024-03-15,2024-05-02,35,42,0
FA276,Planting 5,Normal,66,2024-12-03,2025-02-21,59,66,0
FA276,Planting 6,Late,53,2025-04-14,2025-06-09,46,53,0
FA276,Planting 1,Early,59,2023-09-08,2023-11-10,52,59,0
FA276,Planting 4,Early,52,2024-09-17,2024-11-22,45,52,0
FA278,Planting 2,Normal,58,2023-12-06,2024-02-16,51,58,0
FA278,Planting 3,Late,21,2024-03-15,2024-05-02,14,21,0
FA278,Planting 5,Normal,45,2024-12-03,2025-02-21,38,45,0
FA278,Planting 6,Late,32,2025-04-14,2025-06-09,25,32,0
FA278,Planting 1,Early,52,2023-09-08,2023-11-10,45,52,0
FA278,Planting 4,Early,57,2024-09-17,2024-11-22,50,57,0
FA285,Planting 2,Normal,65,2023-12-06,2024-02-16,58,65,0
FA285,Planting 3,Late,49,2024-03-15,2024-05-02,42,49,0
FA285,Planting 5,Normal,66,2024-12-03,2025-02-21,59,66,0
FA285,Planting 6,Late,60,2025-04-14,2025-06-09,53,60,0
FA285,Planting 1,Early,59,2023-09-08,2023-11-10,52,59,0
FA285,Planting 4,Early,57,2024-09-17,2024-11-22,50,57,0
FA286,Planting 2,Normal,58,2023-12-06,2024-02-16,51,58,0
FA286,Planting 3,Late,21,2024-03-15,2024-05-02,14,21,0
FA286,Planting 5,Normal,59,2024-12-03,2025-02-21,52,59,0
FA286,Planting 6,Late,46,2025-04-14,2025-06-09,39,46,0
FA286,Planting 1,Early,59,2023-09-08,2023-11-10,52,59,0
FA286,Planting 4,Early,57,2024-09-17,2024-11-22,50,57,0
FA287,Planting 2,Normal,51,2023-12-06,2024-02-16,44,51,0
FA287,Planting 3,Late,42,2024-03-15,2024-05-02,35,42,0
FA287,Planting 5,Normal,59,2024-12-03,2025-02-21,52,59,0
FA287,Planting 6,Late,NA,2025-04-14,2025-06-09,56,Inf,1
FA287,Planting 1,Early,NA,2023-09-08,2023-11-10,63,Inf,1
FA287,Planting 4,Early,57,2024-09-17,2024-11-22,50,57,0
FA288,Planting 2,Normal,51,2023-12-06,2024-02-16,44,51,0
FA288,Planting 3,Late,28,2024-03-15,2024-05-02,21,28,0
FA288,Planting 5,Normal,52,2024-12-03,2025-02-21,45,52,0
FA288,Planting 6,Late,32,2025-04-14,2025-06-09,25,32,0
FA288,Planting 1,Early,NA,2023-09-08,2023-11-10,63,Inf,1
FA288,Planting 4,Early,NA,2024-09-17,2024-11-22,63,Inf,1
FA290,Planting 2,Normal,79,2023-12-06,2024-02-16,72,79,0
FA290,Planting 3,Late,42,2024-03-15,2024-05-02,35,42,0
FA290,Planting 5,Normal,66,2024-12-03,2025-02-21,59,66,0
FA290,Planting 6,Late,NA,2025-04-14,2025-06-09,56,Inf,1
FA290,Planting 1,Early,45,2023-09-08,2023-11-10,38,45,0
FA290,Planting 4,Early,NA,2024-09-17,2024-11-22,63,Inf,1
FA292,Planting 2,Normal,43,2023-12-06,2024-02-16,36,43,0
FA292,Planting 3,Late,14,2024-03-15,2024-05-02,7,14,0
FA292,Planting 5,Normal,NA,2024-12-03,2025-02-21,77,Inf,1
FA292,Planting 6,Late,32,2025-04-14,2025-06-09,25,32,0
FA292,Planting 1,Early,52,2023-09-08,2023-11-10,45,52,0
FA292,Planting 4,Early,45,2024-09-17,2024-11-22,38,45,0
FA293,Planting 2,Normal,72,2023-12-06,2024-02-16,65,72,0
FA293,Planting 3,Late,49,2024-03-15,2024-05-02,42,49,0
FA293,Planting 5,Normal,59,2024-12-03,2025-02-21,52,59,0
FA293,Planting 6,Late,46,2025-04-14,2025-06-09,39,46,0
FA293,Planting 1,Early,59,2023-09-08,2023-11-10,52,59,0
FA293,Planting 4,Early,57,2024-09-17,2024-11-22,50,57,0
FA296,Planting 2,Normal,43,2023-12-06,2024-02-16,36,43,0
FA296,Planting 3,Late,21,2024-03-15,2024-05-02,14,21,0
FA296,Planting 5,Normal,45,2024-12-03,2025-02-21,38,45,0
FA296,Planting 6,Late,46,2025-04-14,2025-06-09,39,46,0
FA296,Planting 1,Early,59,2023-09-08,2023-11-10,52,59,0
FA296,Planting 4,Early,52,2024-09-17,2024-11-22,45,52,0
FA298,Planting 2,Normal,65,2023-12-06,2024-02-16,58,65,0
FA298,Planting 3,Late,49,2024-03-15,2024-05-02,42,49,0
FA298,Planting 5,Normal,66,2024-12-03,2025-02-21,59,66,0
FA298,Planting 6,Late,46,2025-04-14,2025-06-09,39,46,0
FA298,Planting 1,Early,52,2023-09-08,2023-11-10,45,52,0
FA298,Planting 4,Early,38,2024-09-17,2024-11-22,31,38,0
FA300,Planting 2,Normal,NA,2023-12-06,2024-02-16,70,Inf,1
FA300,Planting 3,Late,49,2024-03-15,2024-05-02,42,49,0
FA300,Planting 5,Normal,66,2024-12-03,2025-02-21,59,66,0
FA300,Planting 6,Late,60,2025-04-14,2025-06-09,53,60,0
FA300,Planting 1,Early,45,2023-09-08,2023-11-10,38,45,0
FA300,Planting 4,Early,64,2024-09-17,2024-11-22,57,64,0
FA303,Planting 2,Normal,51,2023-12-06,2024-02-16,44,51,0
FA303,Planting 3,Late,NA,2024-03-15,2024-05-02,42,Inf,1
FA303,Planting 5,Normal,45,2024-12-03,2025-02-21,38,45,0
FA303,Planting 6,Late,32,2025-04-14,2025-06-09,25,32,0
FA303,Planting 1,Early,NA,2023-09-08,2023-11-10,63,Inf,1
FA303,Planting 4,Early,52,2024-09-17,2024-11-22,45,52,0
FA305,Planting 2,Normal,NA,2023-12-06,2024-02-16,70,Inf,1
FA305,Planting 3,Late,49,2024-03-15,2024-05-02,42,49,0
FA305,Planting 5,Normal,78,2024-12-03,2025-02-21,71,78,0
FA305,Planting 6,Late,NA,2025-04-14,2025-06-09,56,Inf,1
FA305,Planting 1,Early,NA,2023-09-08,2023-11-10,63,Inf,1
FA305,Planting 4,Early,57,2024-09-17,2024-11-22,50,57,0
FA306,Planting 2,Normal,NA,2023-12-06,2024-02-16,70,Inf,1
FA306,Planting 3,Late,14,2024-03-15,2024-05-02,7,14,0
FA306,Planting 5,Normal,73,2024-12-03,2025-02-21,66,73,0
FA306,Planting 6,Late,53,2025-04-14,2025-06-09,46,53,0
FA306,Planting 1,Early,59,2023-09-08,2023-11-10,52,59,0
FA306,Planting 4,Early,57,2024-09-17,2024-11-22,50,57,0
FA307,Planting 2,Normal,58,2023-12-06,2024-02-16,51,58,0
FA307,Planting 3,Late,21,2024-03-15,2024-05-02,14,21,0
FA307,Planting 5,Normal,66,2024-12-03,2025-02-21,59,66,0
FA307,Planting 6,Late,25,2025-04-14,2025-06-09,18,25,0
FA307,Planting 1,Early,52,2023-09-08,2023-11-10,45,52,0
FA307,Planting 4,Early,52,2024-09-17,2024-11-22,45,52,0
FA312,Planting 2,Normal,51,2023-12-06,2024-02-16,44,51,0
FA312,Planting 3,Late,21,2024-03-15,2024-05-02,14,21,0
FA312,Planting 5,Normal,45,2024-12-03,2025-02-21,38,45,0
FA312,Planting 6,Late,60,2025-04-14,2025-06-09,53,60,0
FA312,Planting 1,Early,59,2023-09-08,2023-11-10,52,59,0
FA312,Planting 4,Early,64,2024-09-17,2024-11-22,57,64,0
FA313,Planting 2,Normal,51,2023-12-06,2024-02-16,44,51,0
FA313,Planting 3,Late,NA,2024-03-15,2024-05-02,42,Inf,1
FA313,Planting 5,Normal,52,2024-12-03,2025-02-21,45,52,0
FA313,Planting 6,Late,39,2025-04-14,2025-06-09,32,39,0
FA313,Planting 1,Early,52,2023-09-08,2023-11-10,45,52,0
FA313,Planting 4,Early,45,2024-09-17,2024-11-22,38,45,0
FA314,Planting 2,Normal,58,2023-12-06,2024-02-16,51,58,0
FA314,Planting 3,Late,28,2024-03-15,2024-05-02,21,28,0
FA314,Planting 5,Normal,59,2024-12-03,2025-02-21,52,59,0
FA314,Planting 6,Late,NA,2025-04-14,2025-06-09,56,Inf,1
FA314,Planting 1,Early,52,2023-09-08,2023-11-10,45,52,0
FA314,Planting 4,Early,38,2024-09-17,2024-11-22,31,38,0
FA315,Planting 2,Normal,51,2023-12-06,2024-02-16,44,51,0
FA315,Planting 3,Late,21,2024-03-15,2024-05-02,14,21,0
FA315,Planting 5,Normal,59,2024-12-03,2025-02-21,52,59,0
FA315,Planting 6,Late,39,2025-04-14,2025-06-09,32,39,0
FA315,Planting 1,Early,52,2023-09-08,2023-11-10,45,52,0
FA315,Planting 4,Early,45,2024-09-17,2024-11-22,38,45,0
FA319,Planting 2,Normal,65,2023-12-06,2024-02-16,58,65,0
FA319,Planting 3,Late,42,2024-03-15,2024-05-02,35,42,0
FA319,Planting 5,Normal,66,2024-12-03,2025-02-21,59,66,0
FA319,Planting 6,Late,60,2025-04-14,2025-06-09,53,60,0
FA319,Planting 1,Early,59,2023-09-08,2023-11-10,52,59,0
FA319,Planting 4,Early,57,2024-09-17,2024-11-22,50,57,0
FA320,Planting 2,Normal,51,2023-12-06,2024-02-16,44,51,0
FA320,Planting 3,Late,55,2024-03-15,2024-05-02,48,55,0
FA320,Planting 5,Normal,87,2024-12-03,2025-02-21,80,87,0
FA320,Planting 6,Late,39,2025-04-14,2025-06-09,32,39,0
FA320,Planting 1,Early,52,2023-09-08,2023-11-10,45,52,0
FA320,Planting 4,Early,64,2024-09-17,2024-11-22,57,64,0
FA323,Planting 2,Normal,51,2023-12-06,2024-02-16,44,51,0
FA323,Planting 3,Late,21,2024-03-15,2024-05-02,14,21,0
FA323,Planting 5,Normal,52,2024-12-03,2025-02-21,45,52,0
FA323,Planting 6,Late,53,2025-04-14,2025-06-09,46,53,0
FA323,Planting 1,Early,52,2023-09-08,2023-11-10,45,52,0
FA323,Planting 4,Early,57,2024-09-17,2024-11-22,50,57,0
FA325,Planting 2,Normal,58,2023-12-06,2024-02-16,51,58,0
FA325,Planting 3,Late,49,2024-03-15,2024-05-02,42,49,0
FA325,Planting 5,Normal,59,2024-12-03,2025-02-21,52,59,0
FA325,Planting 6,Late,NA,2025-04-14,2025-06-09,56,Inf,1
FA325,Planting 1,Early,70,2023-09-08,2023-11-10,63,70,0
FA325,Planting 4,Early,NA,2024-09-17,2024-11-22,63,Inf,1
FA327,Planting 2,Normal,43,2023-12-06,2024-02-16,36,43,0
FA327,Planting 3,Late,NA,2024-03-15,2024-05-02,42,Inf,1
FA327,Planting 5,Normal,45,2024-12-03,2025-02-21,38,45,0
FA327,Planting 6,Late,32,2025-04-14,2025-06-09,25,32,0
FA327,Planting 1,Early,52,2023-09-08,2023-11-10,45,52,0
FA327,Planting 4,Early,38,2024-09-17,2024-11-22,31,38,0
FA328,Planting 2,Normal,51,2023-12-06,2024-02-16,44,51,0
FA328,Planting 3,Late,28,2024-03-15,2024-05-02,21,28,0
FA328,Planting 5,Normal,59,2024-12-03,2025-02-21,52,59,0
FA328,Planting 6,Late,39,2025-04-14,2025-06-09,32,39,0
FA328,Planting 1,Early,59,2023-09-08,2023-11-10,52,59,0
FA328,Planting 4,Early,45,2024-09-17,2024-11-22,38,45,0
FA329,Planting 2,Normal,51,2023-12-06,2024-02-16,44,51,0
FA329,Planting 3,Late,42,2024-03-15,2024-05-02,35,42,0
FA329,Planting 5,Normal,38,2024-12-03,2025-02-21,31,38,0
FA329,Planting 6,Late,32,2025-04-14,2025-06-09,25,32,0
FA329,Planting 1,Early,45,2023-09-08,2023-11-10,38,45,0
FA329,Planting 4,Early,NA,2024-09-17,2024-11-22,63,Inf,1
FA330,Planting 2,Normal,65,2023-12-06,2024-02-16,58,65,0
FA330,Planting 3,Late,42,2024-03-15,2024-05-02,35,42,0
FA330,Planting 5,Normal,59,2024-12-03,2025-02-21,52,59,0
FA330,Planting 6,Late,46,2025-04-14,2025-06-09,39,46,0
FA330,Planting 1,Early,59,2023-09-08,2023-11-10,52,59,0
FA330,Planting 4,Early,45,2024-09-17,2024-11-22,38,45,0
FA331,Planting 2,Normal,65,2023-12-06,2024-02-16,58,65,0
FA331,Planting 3,Late,49,2024-03-15,2024-05-02,42,49,0
FA331,Planting 5,Normal,66,2024-12-03,2025-02-21,59,66,0
FA331,Planting 6,Late,60,2025-04-14,2025-06-09,53,60,0
FA331,Planting 1,Early,70,2023-09-08,2023-11-10,63,70,0
FA331,Planting 4,Early,64,2024-09-17,2024-11-22,57,64,0
FA332,Planting 2,Normal,51,2023-12-06,2024-02-16,44,51,0
FA332,Planting 3,Late,35,2024-03-15,2024-05-02,28,35,0
FA332,Planting 5,Normal,59,2024-12-03,2025-02-21,52,59,0
FA332,Planting 6,Late,39,2025-04-14,2025-06-09,32,39,0
FA332,Planting 1,Early,45,2023-09-08,2023-11-10,38,45,0
FA332,Planting 4,Early,45,2024-09-17,2024-11-22,38,45,0
FA333,Planting 2,Normal,51,2023-12-06,2024-02-16,44,51,0
FA333,Planting 3,Late,35,2024-03-15,2024-05-02,28,35,0
FA333,Planting 5,Normal,87,2024-12-03,2025-02-21,80,87,0
FA333,Planting 6,Late,32,2025-04-14,2025-06-09,25,32,0
FA333,Planting 1,Early,NA,2023-09-08,2023-11-10,63,Inf,1
FA333,Planting 4,Early,52,2024-09-17,2024-11-22,45,52,0
FA334,Planting 2,Normal,65,2023-12-06,2024-02-16,58,65,0
FA334,Planting 3,Late,42,2024-03-15,2024-05-02,35,42,0
FA334,Planting 5,Normal,59,2024-12-03,2025-02-21,52,59,0
FA334,Planting 6,Late,46,2025-04-14,2025-06-09,39,46,0
FA334,Planting 1,Early,59,2023-09-08,2023-11-10,52,59,0
FA334,Planting 4,Early,64,2024-09-17,2024-11-22,57,64,0
FA335,Planting 2,Normal,51,2023-12-06,2024-02-16,44,51,0
FA335,Planting 3,Late,42,2024-03-15,2024-05-02,35,42,0
FA335,Planting 5,Normal,59,2024-12-03,2025-02-21,52,59,0
FA335,Planting 6,Late,46,2025-04-14,2025-06-09,39,46,0
FA335,Planting 1,Early,NA,2023-09-08,2023-11-10,63,Inf,1
FA335,Planting 4,Early,57,2024-09-17,2024-11-22,50,57,0
FA337,Planting 2,Normal,43,2023-12-06,2024-02-16,36,43,0
FA337,Planting 3,Late,NA,2024-03-15,2024-05-02,42,Inf,1
FA337,Planting 5,Normal,52,2024-12-03,2025-02-21,45,52,0
FA337,Planting 6,Late,39,2025-04-14,2025-06-09,32,39,0
FA337,Planting 1,Early,59,2023-09-08,2023-11-10,52,59,0
FA337,Planting 4,Early,52,2024-09-17,2024-11-22,45,52,0
FA338,Planting 2,Normal,65,2023-12-06,2024-02-16,58,65,0
FA338,Planting 3,Late,49,2024-03-15,2024-05-02,42,49,0
FA338,Planting 5,Normal,66,2024-12-03,2025-02-21,59,66,0
FA338,Planting 6,Late,46,2025-04-14,2025-06-09,39,46,0
FA338,Planting 1,Early,52,2023-09-08,2023-11-10,45,52,0
FA338,Planting 4,Early,57,2024-09-17,2024-11-22,50,57,0
FA340,Planting 2,Normal,65,2023-12-06,2024-02-16,58,65,0
FA340,Planting 3,Late,42,2024-03-15,2024-05-02,35,42,0
FA340,Planting 5,Normal,66,2024-12-03,2025-02-21,59,66,0
FA340,Planting 6,Late,53,2025-04-14,2025-06-09,46,53,0
FA340,Planting 1,Early,59,2023-09-08,2023-11-10,52,59,0
FA340,Planting 4,Early,64,2024-09-17,2024-11-22,57,64,0
FA342,Planting 2,Normal,51,2023-12-06,2024-02-16,44,51,0
FA342,Planting 3,Late,21,2024-03-15,2024-05-02,14,21,0
FA342,Planting 5,Normal,45,2024-12-03,2025-02-21,38,45,0
FA342,Planting 6,Late,NA,2025-04-14,2025-06-09,56,Inf,1
FA342,Planting 1,Early,45,2023-09-08,2023-11-10,38,45,0
FA342,Planting 4,Early,38,2024-09-17,2024-11-22,31,38,0
FA345,Planting 2,Normal,51,2023-12-06,2024-02-16,44,51,0
FA345,Planting 3,Late,35,2024-03-15,2024-05-02,28,35,0
FA345,Planting 5,Normal,59,2024-12-03,2025-02-21,52,59,0
FA345,Planting 6,Late,46,2025-04-14,2025-06-09,39,46,0
FA345,Planting 1,Early,59,2023-09-08,2023-11-10,52,59,0
FA345,Planting 4,Early,45,2024-09-17,2024-11-22,38,45,0
FA346,Planting 2,Normal,58,2023-12-06,2024-02-16,51,58,0
FA346,Planting 3,Late,42,2024-03-15,2024-05-02,35,42,0
FA346,Planting 5,Normal,66,2024-12-03,2025-02-21,59,66,0
FA346,Planting 6,Late,46,2025-04-14,2025-06-09,39,46,0
FA346,Planting 1,Early,59,2023-09-08,2023-11-10,52,59,0
FA346,Planting 4,Early,57,2024-09-17,2024-11-22,50,57,0
FA349,Planting 2,Normal,51,2023-12-06,2024-02-16,44,51,0
FA349,Planting 3,Late,35,2024-03-15,2024-05-02,28,35,0
FA349,Planting 5,Normal,66,2024-12-03,2025-02-21,59,66,0
FA349,Planting 6,Late,53,2025-04-14,2025-06-09,46,53,0
FA349,Planting 1,Early,70,2023-09-08,2023-11-10,63,70,0
FA349,Planting 4,Early,57,2024-09-17,2024-11-22,50,57,0
FA355,Planting 2,Normal,51,2023-12-06,2024-02-16,44,51,0
FA355,Planting 3,Late,42,2024-03-15,2024-05-02,35,42,0
FA355,Planting 5,Normal,66,2024-12-03,2025-02-21,59,66,0
FA355,Planting 6,Late,60,2025-04-14,2025-06-09,53,60,0
FA355,Planting 1,Early,70,2023-09-08,2023-11-10,63,70,0
FA355,Planting 4,Early,64,2024-09-17,2024-11-22,57,64,0
FA358,Planting 2,Normal,58,2023-12-06,2024-02-16,51,58,0
FA358,Planting 3,Late,42,2024-03-15,2024-05-02,35,42,0
FA358,Planting 5,Normal,66,2024-12-03,2025-02-21,59,66,0
FA358,Planting 6,Late,39,2025-04-14,2025-06-09,32,39,0
FA358,Planting 1,Early,NA,2023-09-08,2023-11-10,63,Inf,1
FA358,Planting 4,Early,45,2024-09-17,2024-11-22,38,45,0
FA362,Planting 2,Normal,43,2023-12-06,2024-02-16,36,43,0
FA362,Planting 3,Late,NA,2024-03-15,2024-05-02,42,Inf,1
FA362,Planting 5,Normal,52,2024-12-03,2025-02-21,45,52,0
FA362,Planting 6,Late,39,2025-04-14,2025-06-09,32,39,0
FA362,Planting 1,Early,59,2023-09-08,2023-11-10,52,59,0
FA362,Planting 4,Early,45,2024-09-17,2024-11-22,38,45,0
FA394,Planting 2,Normal,58,2023-12-06,2024-02-16,51,58,0
FA394,Planting 3,Late,55,2024-03-15,2024-05-02,48,55,0
FA394,Planting 5,Normal,59,2024-12-03,2025-02-21,52,59,0
FA394,Planting 6,Late,53,2025-04-14,2025-06-09,46,53,0
FA394,Planting 1,Early,59,2023-09-08,2023-11-10,52,59,0
FA394,Planting 4,Early,45,2024-09-17,2024-11-22,38,45,0
